問題番号,asp2-fix-cadical-sinz,asp2-fix-2loop-cadical-sinz,asp2-fix-lowest-asymmetry2-cadical-sinz,asp2-fix-2opt3-cadical-sinz,asp2-fix-2loop-lowest-asymmetry2-cadical-sinz,asp2-fix-lowest-asymmetry2-2opt3-cadical-sinz,asp2-fix-2loop-2opt3-cadical-sinz,asp2-fix-2loop-lowest-asymmetry2-2opt3-cadical-sinz,VBS
1,0.05,0.02,0.03,0.04,0.03,0.03,0.03,0.03,0.02
2,0.0,0.0,0.02,0.0,0.0,0.0,0.0,0.0,0.0
3,0.07,0.03,0.04,0.07,0.01,0.04,0.04,0.01,0.01
4,0.0,0.17,0.0,0.01,0.26,0.01,0.18,0.28,0.0
5,0.02,0.0,0.04,0.02,0.03,0.04,0.0,0.03,0.0
6,0.01,0.0,0.06,0.02,0.0,0.03,0.01,0.0,0.0
7,0.03,0.03,0.01,0.04,0.02,0.03,0.03,0.02,0.01
8,0.33,5.98,0.01,0.33,2.38,0.0,6.48,2.52,0.0
9,0.02,0.02,0.05,0.03,0.11,0.04,0.02,0.11,0.02
10,0.01,0.03,0.22,0.01,0.01,0.01,0.03,0.02,0.01
11,0.09,0.0,0.02,0.07,0.02,0.03,0.01,0.01,0.0
12,0.02,0.04,0.17,0.02,0.06,0.19,0.04,0.06,0.02
13,0.05,0.04,0.03,0.07,0.06,0.04,0.04,0.06,0.03
14,0.04,0.03,0.04,0.03,0.04,0.03,0.02,0.02,0.02
15,0.04,0.02,0.0,0.05,0.02,0.02,0.02,0.02,0.0
16,0.07,0.02,0.13,0.07,0.01,0.14,0.02,0.01,0.01
17,0.08,0.02,0.1,0.08,0.02,0.11,0.02,0.03,0.02
18,0.03,0.01,0.02,0.05,0.04,0.04,0.02,0.03,0.01
19,0.09,0.09,0.09,0.09,0.08,0.1,0.09,0.08,0.08
20,0.02,0.01,0.04,0.02,0.06,0.04,0.01,0.07,0.01
21,0.23,0.07,0.02,0.22,0.03,0.03,0.08,0.03,0.02
22,0.05,0.05,0.02,0.05,0.02,0.02,0.06,0.02,0.02
23,0.1,0.02,0.02,0.04,0.11,0.01,0.02,0.04,0.01
24,0.06,0.03,0.1,0.05,0.02,0.1,0.02,0.02,0.02
25,0.04,10.66,1.01,0.05,118.17,1.18,11.57,123.88,0.04
26,0.04,0.01,0.03,0.04,0.09,0.02,0.01,0.1,0.01
27,0.12,0.02,0.21,0.02,0.04,0.11,0.03,0.03,0.02
28,0.08,0.02,0.08,0.1,0.02,0.08,0.04,0.02,0.02
29,0.11,0.32,0.02,0.12,0.75,0.02,0.33,0.84,0.02
30,0.12,0.01,0.07,0.13,0.01,0.08,0.01,0.02,0.01
31,0.04,0.03,0.06,0.07,0.05,0.06,0.02,0.02,0.02
32,0.05,0.07,0.08,0.05,0.01,0.09,0.07,0.02,0.01
33,0.06,0.07,0.2,0.06,0.02,0.22,0.08,0.0,0.0
34,0.08,0.01,0.12,0.07,0.07,0.12,0.01,0.07,0.01
35,0.12,0.05,0.19,0.08,0.07,0.11,0.02,0.04,0.02
36,0.06,0.03,0.16,0.07,0.06,0.17,0.02,0.06,0.02
37,0.15,0.08,0.14,0.15,0.22,0.16,0.09,0.25,0.08
38,0.09,0.02,0.12,0.1,0.05,0.13,0.02,0.07,0.02
39,0.1,0.06,0.14,0.07,0.05,0.12,0.03,0.02,0.02
40,0.1,0.03,0.09,0.11,0.01,0.09,0.03,0.02,0.01
41,0.04,0.89,0.18,0.04,0.08,0.19,0.99,0.08,0.04
42,0.13,0.01,0.11,0.15,0.02,0.12,0.02,0.01,0.01
43,0.17,0.02,0.12,0.14,0.08,0.17,0.05,0.09,0.02
44,0.16,0.02,0.1,0.17,0.03,0.11,0.01,0.01,0.01
45,0.5,0.49,3.22,0.56,0.51,3.76,0.54,0.55,0.49
46,0.12,0.02,0.29,0.12,0.03,0.3,0.02,0.03,0.02
47,0.19,0.11,0.19,0.08,0.16,0.13,0.01,0.08,0.01
48,0.28,0.22,0.26,0.33,0.27,0.32,0.26,0.25,0.22
49,0.11,0.08,0.16,0.11,0.07,0.16,0.09,0.06,0.06
50,0.12,0.21,0.35,0.13,0.5,0.39,0.21,0.56,0.12
51,0.13,0.03,0.14,0.13,0.03,0.15,0.04,0.04,0.03
52,0.15,0.09,0.22,0.13,0.04,0.18,0.06,0.18,0.04
53,0.09,0.01,0.13,0.11,0.01,0.14,0.01,0.01,0.01
54,0.04,0.04,0.13,0.05,0.02,0.14,0.05,0.01,0.01
55,0.16,0.02,0.18,0.17,0.03,0.18,0.03,0.03,0.02
56,0.23,0.04,0.29,0.15,0.07,0.24,0.03,0.08,0.03
57,0.22,0.04,0.17,0.22,0.02,0.18,0.04,0.04,0.02
58,0.2,0.26,0.21,0.22,0.29,0.24,0.26,0.32,0.2
59,0.79,0.3,0.55,2.03,0.23,1.87,0.3,0.23,0.23
60,0.18,0.04,0.17,0.19,0.02,0.18,0.04,0.04,0.02
61,0.17,0.03,0.16,0.2,0.16,0.26,0.04,0.13,0.03
62,0.46,0.41,0.48,0.54,0.43,0.53,0.39,0.47,0.39
63,0.13,0.03,0.29,0.13,0.02,0.32,0.03,0.02,0.02
64,0.08,0.07,0.08,0.02,0.05,0.05,0.02,0.02,0.02
65,1.73,0.05,0.6,1.95,1.29,0.7,0.07,1.49,0.05
66,0.37,0.01,0.14,0.4,0.01,0.14,0.01,0.01,0.01
67,0.29,0.01,0.41,0.11,0.09,0.2,0.02,0.06,0.01
68,0.14,0.04,0.12,0.15,0.06,0.12,0.04,0.05,0.04
69,0.03,10.58,0.03,0.03,0.08,0.03,11.82,0.09,0.03
70,0.13,0.1,0.24,0.15,0.06,0.27,0.1,0.06,0.06
71,0.51,0.16,0.33,0.19,0.09,0.25,0.04,0.07,0.04
72,4.38,0.33,3.91,3.01,0.32,6.02,0.33,0.32,0.32
73,0.33,0.05,0.24,0.36,0.11,0.26,0.05,0.1,0.05
74,0.16,0.14,0.17,0.2,0.11,0.14,0.16,0.12,0.11
75,14.4,2.87,0.32,16.52,0.71,0.37,3.29,0.82,0.32
76,0.44,0.44,0.42,0.38,0.25,0.26,0.36,0.22,0.22
77,0.21,0.06,0.22,0.21,0.02,0.24,0.06,0.02,0.02
78,0.3,0.11,0.24,0.21,0.07,0.15,0.05,0.09,0.05
79,5.39,0.34,10.03,7.44,0.34,12.03,0.34,0.33,0.33
80,0.23,0.04,0.23,0.23,0.04,0.23,0.04,0.05,0.04
81,4.08,0.65,0.31,4.73,0.29,0.35,0.74,0.33,0.29
82,0.1,0.09,0.1,0.05,0.09,0.03,0.02,0.0,0.0
83,0.26,0.03,0.34,0.26,0.05,0.38,0.02,0.06,0.02
84,4.62,0.45,11.98,7.65,0.37,14.59,0.46,0.36,0.36
85,0.53,0.07,0.36,0.2,0.1,0.27,0.03,0.02,0.02
86,0.7,0.62,0.36,0.42,0.54,0.37,0.3,0.23,0.23
87,0.68,0.52,0.65,0.69,0.46,0.66,0.47,0.49,0.46
88,0.5,0.33,0.51,0.44,0.28,0.37,0.43,0.37,0.28
89,0.27,0.02,0.3,0.29,0.02,0.3,0.02,0.03,0.02
90,4.71,1.06,1.06,7.19,0.38,2.16,1.06,0.37,0.37
91,11.73,0.67,0.19,13.6,0.01,0.2,0.74,0.02,0.01
92,0.2,0.01,0.22,0.21,0.06,0.23,0.01,0.07,0.01
93,0.39,0.17,0.47,0.18,0.12,0.23,0.0,0.16,0.0
94,0.39,0.09,0.23,0.4,0.03,0.25,0.08,0.03,0.03
95,1.03,8.49,1.39,1.19,1.31,1.64,9.86,1.53,1.03
96,4.23,0.46,0.85,7.54,0.42,4.77,0.46,0.42,0.42
97,0.49,0.03,0.25,0.51,0.01,0.27,0.02,0.02,0.01
98,0.09,0.08,0.09,0.13,0.07,0.09,0.09,0.09,0.07
99,0.51,0.09,0.6,0.05,0.17,0.12,0.06,0.08,0.05
100,0.21,0.04,0.3,0.23,0.07,0.32,0.06,0.07,0.04
101,0.17,0.02,2.81,0.18,0.54,3.49,0.03,0.61,0.02
102,0.26,0.06,0.5,0.27,0.09,0.51,0.06,0.1,0.06
103,0.47,0.04,0.63,0.3,0.02,0.22,0.01,0.01,0.01
104,0.12,0.1,0.13,0.08,0.1,0.05,0.03,0.02,0.02
105,0.44,0.07,0.22,0.45,0.06,0.24,0.09,0.05,0.05
106,0.17,9.56,0.54,0.18,0.03,0.63,11.27,0.03,0.03
107,0.28,0.09,0.41,0.3,0.03,0.42,0.09,0.04,0.03
108,0.3,0.08,0.65,0.15,0.03,0.18,0.06,0.03,0.03
109,0.14,0.11,0.13,0.15,0.12,0.09,0.11,0.08,0.08
110,0.16,0.12,0.13,0.16,0.1,0.13,0.09,0.08,0.08
111,0.28,0.01,0.63,0.28,0.06,0.66,0.02,0.06,0.01
112,0.31,0.2,0.31,0.33,0.18,0.33,0.2,0.19,0.18
113,0.59,0.1,0.53,0.63,0.08,0.57,0.1,0.08,0.08
114,0.5,0.1,0.68,0.28,0.26,0.26,0.13,0.18,0.1
115,0.66,0.62,0.84,0.61,0.53,0.32,0.57,0.33,0.32
116,0.42,0.02,0.27,0.45,0.07,0.29,0.02,0.07,0.02
117,1.03,0.75,0.68,0.63,0.63,0.53,0.5,0.39,0.39
118,14.83,15.61,9.19,17.66,0.17,11.65,18.34,0.16,0.16
119,0.74,0.07,0.58,0.76,0.08,0.63,0.07,0.08,0.07
120,0.52,0.12,0.35,0.11,0.02,0.23,0.18,0.03,0.02
121,0.44,0.05,0.63,0.45,0.07,0.66,0.06,0.05,0.05
122,0.16,0.13,0.18,0.08,0.11,0.1,0.03,0.02,0.02
123,0.62,0.77,0.62,0.76,0.54,0.5,0.3,0.48,0.3
124,0.21,28.25,0.4,0.22,0.37,0.48,34.09,0.42,0.21
125,0.75,0.13,0.91,0.25,0.45,0.26,0.01,0.01,0.01
126,0.54,0.46,0.86,0.81,0.6,0.53,0.47,0.38,0.38
127,1.18,0.89,0.92,1.18,0.72,1.09,0.93,0.86,0.72
128,9.2,1.07,3.71,18.05,0.7,10.58,1.08,0.69,0.69
129,4.33,0.21,0.14,5.18,0.24,0.15,0.21,0.24,0.14
130,0.08,0.1,0.12,0.15,0.09,0.12,0.09,0.15,0.08
131,0.47,0.07,0.94,0.24,0.1,0.3,0.08,0.12,0.07
132,0.99,0.77,0.23,1.15,0.21,0.25,0.87,0.21,0.21
133,0.48,0.02,0.28,0.16,0.2,0.6,0.03,0.22,0.02
134,69.24,2.58,1.47,63.94,0.79,7.04,2.6,0.78,0.78
135,1.32,1.13,1.35,1.39,1.21,1.41,1.05,1.07,1.05
136,19.08,0.27,9.49,23.56,1.38,12.12,0.28,1.68,0.27
137,0.24,0.16,0.22,0.04,0.2,0.03,0.02,0.02,0.02
138,0.9,0.16,0.82,0.32,0.18,0.26,0.09,0.11,0.09
139,1.24,0.79,1.06,0.87,0.6,0.68,0.68,0.44,0.44
140,40.15,1.89,0.32,50.11,0.25,0.35,2.29,0.25,0.25
141,0.66,0.08,0.89,0.43,0.23,0.1,0.08,0.09,0.08
142,2.73,0.28,4.4,3.34,8.71,5.57,0.28,10.93,0.28
143,0.51,0.11,0.88,0.34,0.43,0.16,0.07,0.14,0.07
144,0.36,0.22,0.49,0.28,0.27,0.43,0.26,0.17,0.17
145,0.28,0.17,0.27,0.19,0.2,0.19,0.15,0.2,0.15
146,92.92,0.32,0.44,115.81,23.91,0.49,0.32,30.3,0.32
147,0.77,0.03,1.12,0.11,0.15,0.48,0.03,0.13,0.03
148,0.28,0.24,0.23,0.03,0.23,0.03,0.03,0.02,0.02
149,0.23,0.19,0.21,0.22,0.16,0.23,0.2,0.17,0.16
150,41.66,1.35,2.28,59.91,1.03,21.42,1.36,1.0,1.0
151,0.41,0.37,42.72,0.43,0.45,55.19,0.37,0.47,0.37
152,1.15,0.04,0.77,0.17,0.2,0.58,0.09,0.08,0.04
153,1.8,1.24,1.72,1.45,1.21,1.63,1.05,1.14,1.05
154,1.53,1.03,0.97,1.38,0.86,0.91,1.05,0.59,0.59
155,0.7,3.27,0.47,0.78,0.86,0.49,4.0,1.0,0.47
156,24.77,11.41,9.98,19.63,11.86,13.28,23.64,9.55,9.55
157,1.03,0.26,1.09,0.25,0.16,0.84,0.12,0.11,0.11
158,0.5,5.1,1.12,0.54,0.5,1.39,6.43,0.56,0.5
159,1.2,0.31,0.95,0.09,0.21,0.18,0.12,0.2,0.09
160,0.28,0.22,0.27,0.14,0.24,0.04,0.04,0.05,0.04
161,6.92,1.79,46.12,8.85,2.48,59.92,2.18,3.12,1.79
162,21.46,1.3,15.49,48.45,1.32,38.98,1.34,1.29,1.29
163,1.29,0.15,1.43,0.63,0.25,0.55,0.08,0.08,0.08
164,0.48,0.38,0.73,0.56,0.99,0.85,0.39,1.14,0.38
165,1.94,0.11,1.62,0.41,0.09,0.41,0.09,0.11,0.09
166,0.98,0.39,77.12,1.12,14.33,100.75,0.39,18.44,0.39
167,1.52,0.1,1.28,0.38,0.07,0.37,0.1,0.06,0.06
168,8.39,21.37,0.65,10.64,1.7,0.72,27.11,2.07,0.65
169,0.37,0.31,0.43,0.21,0.28,0.2,0.01,0.02,0.01
170,0.99,0.01,1.38,0.25,0.02,0.37,0.01,0.02,0.01
171,1282.7,0.37,77.95,TO,0.35,104.21,0.37,0.36,0.35
172,0.5,0.44,0.58,0.54,0.37,0.52,0.33,0.26,0.26
173,0.66,0.43,0.51,0.81,0.39,0.43,0.41,0.33,0.33
174,1.0,0.11,2.27,0.21,0.35,0.46,0.11,0.16,0.11
175,1.96,1.59,1.78,2.36,1.88,2.11,1.56,1.46,1.46
176,1.47,0.48,0.99,1.74,0.7,1.14,0.48,0.79,0.48
177,1.08,0.42,1.74,0.23,0.3,0.34,0.08,0.02,0.02
178,15.18,0.5,TO,19.41,0.58,872.22,0.5,0.64,0.5
179,0.28,0.19,0.26,0.28,0.2,0.27,0.18,0.21,0.18
180,2.68,2.17,2.94,2.78,2.18,2.73,1.9,1.78,1.78
181,1.41,0.05,2.04,0.44,0.16,0.52,0.02,0.15,0.02
182,0.44,0.32,0.29,0.05,0.38,0.06,0.05,0.06,0.05
183,0.95,3.51,45.8,1.06,0.5,60.01,4.44,0.5,0.5
184,1.21,0.14,1.22,0.5,0.5,0.33,0.12,0.18,0.12
185,0.84,0.91,31.34,0.97,0.64,42.26,1.06,0.68,0.64
186,1.59,0.09,1.21,0.32,0.4,0.42,0.08,0.03,0.03
187,64.7,6.77,5.51,85.2,8.23,7.37,8.74,10.87,5.51
188,2.76,2.05,11.44,64.36,1.91,72.92,1.98,1.96,1.91
189,1.74,0.13,1.45,0.7,0.08,0.43,0.22,0.07,0.07
190,0.51,0.38,0.51,0.27,0.39,0.18,0.05,0.04,0.04
191,2.5,1.3,2.17,3.22,0.5,2.75,1.58,0.52,0.5
192,0.5,0.25,0.56,0.56,0.31,0.43,0.35,0.37,0.25
193,2.57,0.17,2.02,0.83,0.16,0.61,0.17,0.08,0.08
194,23.82,0.56,0.56,31.19,0.57,0.64,0.57,0.58,0.56
195,1.47,0.02,1.9,1.1,0.18,0.39,0.02,0.12,0.02
196,3.31,2.09,2.69,2.91,2.26,2.8,2.25,1.96,1.96
197,7.92,0.59,29.16,10.48,0.61,39.56,0.6,0.61,0.59
198,1.81,0.08,3.59,0.03,0.33,0.44,0.08,0.22,0.03
199,2.12,0.58,1.96,1.19,0.58,0.91,0.52,0.53,0.52
200,0.86,0.37,0.87,0.94,1.19,0.7,0.44,0.38,0.37
201,0.83,0.1,2.08,0.89,0.08,2.17,0.09,0.09,0.08
202,47.6,5.97,9.93,62.95,1.97,13.19,7.81,2.41,1.97
203,0.45,0.46,0.48,0.09,0.49,0.08,0.04,0.04,0.04
204,1.56,0.59,2.15,0.38,0.42,0.37,0.03,0.18,0.03
205,8.78,1.81,1.43,11.9,1.84,1.75,2.24,2.28,1.43
206,1.74,0.53,2.0,0.67,0.12,0.31,0.43,0.13,0.12
207,1.3,0.55,0.57,1.41,0.85,0.62,0.55,0.95,0.55
208,1.84,0.02,2.45,0.52,0.36,0.59,0.02,0.2,0.02
209,132.25,0.94,1.04,175.93,3.54,1.26,1.04,4.61,0.94
210,1.37,0.27,3.54,0.69,0.67,0.45,0.02,0.27,0.02
211,0.46,0.52,0.64,0.37,0.65,0.54,0.03,0.03,0.03
212,1.65,0.61,18.22,2.03,0.68,25.81,0.64,0.67,0.61
213,2.24,0.17,4.4,0.34,0.18,0.68,0.17,0.22,0.17
214,11.2,0.66,0.93,15.1,0.72,0.98,0.67,0.73,0.66
215,2.65,0.29,2.52,0.6,0.54,0.37,0.09,0.09,0.09
216,3.39,3.0,3.68,3.39,3.05,3.44,2.51,2.5,2.5
217,2.27,6.71,30.7,2.88,0.65,43.49,9.09,0.63,0.63
218,3.03,0.28,2.63,0.45,0.35,0.15,0.09,0.14,0.09
219,0.64,0.57,0.59,0.7,0.64,0.14,0.07,0.05,0.05
220,4.86,3.32,4.37,4.82,3.33,4.56,3.11,3.67,3.11
221,53.56,2.51,2.54,72.85,0.75,3.3,3.15,0.74,0.74
222,54.56,37.03,68.96,39.39,35.57,25.99,47.85,20.76,20.76
223,16.48,19.81,19.28,16.22,41.14,19.5,19.99,42.09,16.22
224,14.7,11.29,15.6,14.59,15.53,15.6,11.31,14.7,11.29
225,2.19,0.26,2.73,0.68,0.75,1.14,0.13,0.1,0.1
226,2.41,0.73,1.92,2.14,0.76,1.45,0.69,0.61,0.61
227,3.32,0.97,5.75,1.37,1.43,2.25,0.77,0.73,0.73
228,0.95,3.77,34.01,1.0,0.83,49.23,4.97,0.8,0.8
229,1.78,0.08,2.56,0.16,0.02,1.0,0.08,0.02,0.02
230,2.16,1.35,0.95,2.78,293.28,1.04,1.59,TO,0.95
231,2.82,0.04,1.63,0.44,0.03,0.58,0.03,0.04,0.03
232,5.05,208.26,0.8,6.59,0.99,0.87,278.93,1.08,0.8
233,0.61,0.81,0.63,0.79,0.5,0.38,0.06,0.07,0.06
234,57.93,38.33,36.07,51.23,30.55,15.34,31.0,18.08,15.34
235,2.81,0.27,2.83,0.51,0.84,2.09,0.11,0.33,0.11
236,0.74,0.47,0.77,0.77,0.54,0.73,0.43,0.69,0.43
237,115.88,4.14,1.11,160.08,1.15,1.18,5.45,1.32,1.11
238,3.61,0.07,2.44,0.57,0.1,0.29,0.09,0.07,0.07
239,714.18,0.79,9.06,961.08,0.79,12.85,0.81,0.84,0.79
240,72.5,49.99,43.57,53.59,30.46,25.7,51.27,17.91,17.91
241,2.18,0.01,4.18,0.41,0.17,0.22,0.02,0.14,0.01
242,4.45,3.78,4.54,4.41,3.77,4.89,3.4,3.25,3.25
243,2.09,6.81,36.55,2.5,1.98,52.33,9.18,2.55,1.98
244,0.87,0.54,1.04,1.18,0.55,0.84,0.55,0.45,0.45
245,2.51,0.48,4.5,0.38,0.11,0.55,0.03,0.24,0.03
246,0.97,0.8,0.7,0.33,0.77,0.82,0.05,0.05,0.05
247,55.76,46.46,54.21,46.65,36.58,22.27,28.17,33.35,22.27
248,13.1,5.07,TO,18.24,0.66,TO,6.67,0.69,0.66
249,2.92,0.33,3.67,0.86,0.09,0.81,0.35,0.09,0.09
250,5.35,1.9,3.98,2.67,4.02,2.84,1.74,0.97,0.97
251,3.11,1.77,1.8,2.43,2.83,1.42,1.3,1.4,1.3
252,34.22,0.9,115.02,47.69,0.85,165.1,0.93,0.88,0.85
253,1.26,1.12,2.04,1.86,1.66,1.62,1.3,1.5,1.12
254,2.62,0.02,3.14,0.23,0.46,1.9,0.03,0.14,0.02
255,4.93,2.07,2.49,3.89,1.29,1.7,1.43,2.1,1.29
256,5.8,4.53,5.59,5.92,3.9,6.06,4.17,3.86,3.86
257,2.14,1.07,2.94,2.3,2.79,4.14,1.09,1.13,1.07
258,3.4,1.9,7.56,2.22,1.82,2.69,1.14,0.9,0.9
259,1.49,3.64,3.69,1.75,6.1,4.97,4.72,8.19,1.49
260,2.68,0.1,3.35,1.17,0.14,1.16,0.02,0.09,0.02
261,0.84,0.94,0.73,0.85,0.65,1.09,0.06,0.06,0.06
262,3.39,2.44,1.11,4.38,0.71,1.21,3.12,0.75,0.71
263,3.1,1.33,2.95,2.3,3.79,2.28,2.42,1.18,1.18
264,2.17,1.85,1.6,2.78,1.33,1.45,1.87,1.75,1.33
265,5.86,4.08,3.98,2.89,2.93,2.87,0.77,0.95,0.77
266,3.26,0.24,2.48,0.76,0.18,0.58,0.24,0.18,0.18
267,3.52,2.85,3.77,4.69,0.94,5.26,3.67,1.02,0.94
268,2.47,1.9,1.42,1.54,1.23,1.65,0.76,1.28,0.76
269,3.3,0.12,3.94,0.38,0.59,0.4,0.12,0.14,0.12
270,3.63,0.03,3.59,3.71,0.02,3.75,0.02,0.02,0.02
271,1.18,0.72,0.71,0.9,0.81,0.78,0.92,0.82,0.71
272,2.34,1.23,1.88,1.85,0.98,1.41,1.4,1.2,0.98
273,28.73,0.89,1.08,40.17,1.69,1.32,0.9,2.13,0.89
274,3.16,0.1,3.96,0.16,0.25,0.51,0.11,0.24,0.1
275,5.72,4.63,5.41,6.06,4.63,5.3,4.1,3.74,3.74
276,5.25,31.26,3.23,6.96,0.9,4.39,44.44,0.93,0.9
277,1.02,0.76,0.94,0.46,0.74,1.02,0.12,0.1,0.1
278,6.71,5.07,6.49,6.51,5.11,6.07,4.44,4.4,4.4
279,2.98,0.33,3.73,0.26,0.19,0.74,0.34,0.1,0.1
280,140.42,83.9,102.1,76.62,64.64,66.39,61.73,42.77,42.77
281,1.8,0.79,0.94,2.09,0.89,1.02,0.83,0.93,0.79
282,4.61,0.22,4.87,0.75,0.5,1.24,0.09,0.25,0.09
283,1.85,0.86,80.03,2.32,0.76,117.83,0.88,0.8,0.76
284,8.27,2.27,8.7,3.25,4.9,3.83,3.56,1.83,1.83
285,3.77,0.76,3.88,0.19,1.13,0.16,0.04,0.24,0.04
286,14.61,2.63,11.14,6.19,4.56,2.5,1.67,2.12,1.67
287,6.68,5.05,7.03,6.46,5.01,6.86,5.2,4.65,4.65
288,5.32,0.93,1.07,7.09,0.95,1.17,0.95,0.98,0.93
289,28.91,6.27,8.46,8.12,8.07,3.89,2.06,3.12,2.06
290,3.52,1.65,2.57,1.38,3.44,1.86,1.92,1.36,1.36
291,2.75,0.15,4.75,0.44,0.75,0.55,0.13,0.39,0.13
292,1.23,1.26,0.91,1.48,0.65,0.09,0.09,0.1,0.09
293,2.2,98.86,2.42,2.55,1.0,3.15,141.84,1.05,1.0
294,83.31,2.43,10.01,2.97,3.71,4.58,1.52,1.42,1.42
295,24.7,2.99,9.87,2.19,2.18,5.88,1.49,1.39,1.39
296,5.11,0.27,4.09,0.22,0.19,0.63,0.14,0.09,0.09
297,1.8,1.51,1.35,1.58,1.28,1.55,1.18,1.27,1.18
298,3.31,0.84,1.71,1.65,1.09,1.61,1.4,1.23,0.84
299,73.07,1.59,1.63,104.87,1.52,1.74,1.77,1.91,1.52
300,1.36,1.33,1.89,1.39,1.43,1.48,0.95,1.13,0.95
301,6.88,6.06,7.27,7.21,5.94,6.66,5.11,4.91,4.91
302,4.34,0.01,3.69,0.51,0.02,0.49,0.02,0.02,0.01
303,7.42,5.0,6.29,3.13,3.96,3.14,2.63,1.89,1.89
304,17.42,13.66,17.34,24.66,1.66,26.44,19.76,1.93,1.66
305,3.75,0.59,3.94,1.12,0.1,1.27,0.13,0.09,0.09
306,1.08,1.35,1.06,0.94,1.07,1.2,0.04,0.05,0.04
307,5.75,4.47,6.5,6.57,4.72,6.37,4.72,4.68,4.47
308,6.44,5.63,6.73,6.7,4.97,6.85,4.61,4.89,4.61
309,6.87,5.44,7.03,6.99,5.21,6.82,5.12,5.0,5.0
310,7.44,5.75,6.98,7.13,5.71,8.39,5.31,5.3,5.3
311,245.73,218.69,1.02,354.51,1.06,1.11,305.01,1.11,1.02
312,5.09,0.36,4.49,0.79,0.21,0.22,0.34,0.21,0.21
313,96.0,245.27,17.61,139.52,0.95,25.9,352.82,0.99,0.95
314,2.84,0.23,4.51,0.12,0.16,0.17,0.16,0.03,0.03
315,1.2,2.25,1.56,1.52,0.87,1.27,1.0,1.72,0.87
316,124.35,85.89,117.45,74.74,68.28,47.6,74.94,61.57,47.6
317,30.0,1.31,5.09,43.18,1.52,7.15,1.33,1.79,1.31
318,3.86,0.14,5.89,0.37,0.28,1.02,0.13,0.12,0.12
319,84.33,107.45,95.65,90.6,79.22,45.82,56.49,31.68,31.68
320,8.47,5.38,7.49,7.17,6.28,7.62,5.09,5.41,5.09
321,7.98,6.51,5.69,2.57,4.7,2.86,3.18,2.13,2.13
322,4.84,7.69,86.45,6.77,1.04,130.62,10.98,1.09,1.04
323,2.43,1.85,2.15,1.72,1.59,1.41,1.53,1.3,1.3
324,1.54,1.21,1.5,0.2,1.0,0.19,0.08,0.13,0.08
325,2.93,0.11,6.32,3.04,0.22,6.56,0.11,0.23,0.11
326,3.87,0.37,5.56,0.61,0.28,0.52,0.11,0.2,0.11
327,7.1,1.02,7.22,9.74,1.05,10.64,1.06,1.08,1.02
328,1.66,1.13,1.67,2.19,1.31,1.72,1.08,1.28,1.08
329,5.48,0.13,7.04,0.69,0.14,0.15,0.13,0.14,0.13
330,1.17,0.88,1.28,1.34,0.85,1.02,1.0,1.17,0.85
331,1.36,1.14,1.87,1.68,1.98,1.99,1.37,1.49,1.14
332,0.79,1.71,TO,0.89,0.97,TO,2.03,0.99,0.79
333,115.8,85.46,94.95,84.21,63.14,63.71,62.24,51.48,51.48
334,3.67,0.45,4.53,0.14,0.03,1.36,0.1,0.04,0.03
335,18.35,3.62,134.27,9.45,3.67,8.5,1.72,2.06,1.72
336,5.49,5.08,9.76,3.27,2.54,4.08,2.07,1.43,1.43
337,8.39,6.73,8.46,8.2,6.21,8.86,6.22,6.35,6.21
338,9.09,6.72,8.8,9.3,6.87,9.34,6.46,6.08,6.08
339,4.2,996.52,61.9,5.39,4.61,94.97,TO,6.45,4.2
340,8.89,2.79,7.03,1.99,2.83,4.47,2.71,1.78,1.78
341,4.5,0.22,6.34,0.6,1.5,0.58,0.1,0.11,0.1
342,1.48,1.04,1.2,2.04,1.09,2.1,0.09,0.09,0.09
343,122.48,85.71,90.58,76.21,64.92,77.18,61.08,41.59,41.59
344,10.44,7.54,9.69,9.12,6.95,9.47,6.48,7.31,6.48
345,7.14,5.48,7.02,7.78,5.87,7.9,5.06,5.08,5.06
346,337.14,1.63,67.71,513.03,1.0,103.14,1.86,1.07,1.0
347,4.81,0.37,6.36,0.75,1.28,0.3,0.16,0.46,0.16
348,126.67,44.92,46.41,185.98,2.16,70.42,67.3,2.64,2.16
349,5.94,0.35,5.87,0.2,0.3,2.84,0.2,0.26,0.2
350,118.9,1.08,32.59,174.37,1.16,49.67,1.1,1.21,1.08
351,10.07,7.08,9.46,9.77,7.28,9.1,6.44,6.05,6.05
352,6.19,0.03,4.92,0.12,0.66,0.7,0.03,0.03,0.03
353,1.55,1.23,1.43,0.13,1.88,1.75,0.19,0.16,0.13
354,8.15,7.04,8.31,9.23,6.29,8.86,6.69,6.41,6.29
355,233.25,127.18,22.42,342.82,1.13,33.46,188.55,1.16,1.13
356,5.47,0.82,4.7,0.13,0.76,0.76,0.29,0.1,0.1
357,6.24,1.21,124.25,8.59,6.64,193.0,1.25,9.81,1.21
358,5.15,0.11,5.12,5.27,0.03,5.36,0.11,0.03,0.03
359,5.42,0.51,6.65,0.46,0.69,0.46,0.04,0.51,0.04
360,39.15,348.55,12.8,59.24,1.21,18.91,TO,1.32,1.21
361,2.31,2.06,1.76,2.65,2.25,2.55,1.48,2.12,1.48
362,10.18,7.52,10.76,9.72,7.46,10.4,6.99,6.59,6.59
363,10.28,7.37,11.18,10.29,7.95,10.16,7.15,7.61,7.15
364,7.27,2.89,3.24,5.18,2.84,5.34,2.74,3.28,2.74
365,5.46,0.62,6.2,0.49,0.92,0.27,0.45,0.42,0.27
366,1.41,1.34,3.41,1.55,1.17,4.48,1.41,1.21,1.17
367,1.68,1.14,1.67,0.12,1.49,0.13,0.08,0.08,0.08
368,3.32,0.03,5.61,0.81,0.34,0.72,0.03,0.35,0.03
369,26.73,5.29,112.26,9.98,9.37,6.02,2.28,1.76,1.76
370,273.55,9.38,908.83,17.89,5.48,32.91,2.86,2.48,2.48
371,29.62,40.2,1.81,45.2,2.02,2.32,61.12,2.33,1.81
372,7.64,6.46,8.47,9.02,6.87,8.61,6.09,6.62,6.09
373,8.09,0.12,4.99,0.94,0.11,0.89,0.12,0.11,0.11
374,5.76,2.96,9.71,7.71,1.3,14.1,3.68,1.35,1.3
375,11.95,8.32,10.75,11.7,7.43,11.22,7.46,7.89,7.43
376,11.93,8.3,11.84,10.81,8.69,11.35,7.03,7.24,7.03
377,10.26,8.86,10.51,10.95,7.96,12.09,8.29,7.58,7.58
378,5.42,0.47,9.95,0.14,0.13,0.06,0.11,0.14,0.06
379,10.16,9.08,10.97,4.38,7.57,4.9,3.56,2.1,2.1
380,108.45,5.83,1.65,166.4,35.39,1.81,7.88,52.49,1.65
381,4.88,0.26,10.08,1.13,0.26,0.45,0.25,0.25,0.25
382,1.96,1.7,1.88,2.07,1.3,0.91,0.08,0.08,0.08
383,159.84,283.64,118.4,111.48,76.32,84.78,100.96,82.23,76.32
384,3.7,1.9,2.09,1.98,1.91,2.81,2.74,2.81,1.9
385,10.3,7.72,10.71,10.18,7.93,12.05,7.13,6.89,6.89
386,2.32,2.15,7.76,2.61,TO,11.63,2.57,1465.67,2.15
387,6.8,0.54,6.14,0.86,0.26,0.14,0.13,0.11,0.11
388,2.91,1.86,2.39,3.21,2.85,2.97,2.19,1.71,1.71
389,15.14,7.32,18.64,22.14,1.12,27.8,10.52,1.23,1.12
390,4.36,0.14,5.28,0.38,0.16,0.97,0.14,0.16,0.14
391,11.75,8.5,12.75,11.03,8.2,10.3,7.89,8.94,7.89
392,62.84,168.37,498.84,304.11,372.79,605.87,108.08,136.14,62.84
393,1.77,8.67,1.6,2.05,1.51,1.79,12.53,1.6,1.51
394,3.89,0.27,8.16,0.67,0.43,0.91,0.19,0.68,0.19
395,1.98,1.85,1.8,1.95,1.97,1.93,0.04,0.03,0.03
396,4.29,1.78,7.68,5.52,1.02,11.23,2.02,1.06,1.02
397,12.48,9.59,12.72,12.64,9.31,13.71,8.48,8.06,8.06
398,5.62,0.62,7.24,0.31,0.15,0.65,0.27,0.16,0.15
399,1.96,2.72,2.44,2.3,1.03,3.01,3.32,1.15,1.03
400,9.48,7.21,9.18,10.05,7.24,9.84,9.11,8.73,7.21
401,12.9,8.44,12.0,11.21,8.52,11.44,7.87,7.22,7.22
402,2.99,2.17,2.56,2.5,1.67,3.25,2.97,1.76,1.67
403,11.23,8.59,6.87,7.29,6.04,6.42,2.0,2.79,2.0
404,6.3,0.45,7.03,0.71,1.44,0.42,0.14,0.13,0.13
405,13.24,10.11,10.02,6.58,8.39,7.04,3.88,3.59,3.59
406,TO,4.96,23.23,27.69,17.7,22.66,2.25,3.51,2.25
407,43.36,9.31,64.34,31.69,22.65,28.44,2.99,4.51,2.99
408,6.42,1.4,TO,8.6,1.4,TO,1.47,1.42,1.4
409,0.71,0.65,0.81,1.32,0.6,1.71,1.0,0.79,0.6
410,8.23,0.03,8.71,0.41,0.03,0.35,0.04,0.03,0.03
411,61.21,8.56,26.98,93.1,2.07,41.99,11.54,2.63,2.07
412,13.28,4.79,17.13,14.56,3.99,4.56,2.37,4.22,2.37
413,2.52,1.55,1.89,1.07,2.16,1.93,0.18,0.19,0.18
414,11.88,8.48,13.11,13.77,10.21,11.02,8.81,8.92,8.48
415,7.93,0.63,8.77,0.3,0.62,1.08,0.13,0.2,0.13
416,6.55,2.46,3.36,4.41,2.15,4.63,2.64,2.77,2.15
417,29.23,1.32,67.76,44.46,22.71,106.39,1.39,35.6,1.32
418,7.69,3.75,3.19,3.08,3.23,4.24,2.7,2.58,2.58
419,123.22,52.35,73.73,74.2,51.69,93.23,55.37,31.63,31.63
420,8.14,0.37,11.04,0.97,0.15,1.17,0.15,0.13,0.13
421,4.83,2.37,3.32,4.58,2.08,3.72,2.35,2.04,2.04
422,19.79,4.37,9.02,22.95,4.58,11.59,5.11,5.45,4.37
423,2.88,262.32,286.23,3.06,TO,452.2,397.61,TO,2.88
424,26.55,9.09,29.65,27.58,7.9,31.02,10.52,10.07,7.9
425,191.39,89.16,50.1,145.32,99.05,88.11,44.62,95.85,44.62
426,211.09,171.72,170.81,113.09,138.89,61.53,165.35,96.81,61.53
427,290.3,1.7,19.22,451.78,1.48,30.15,1.76,1.55,1.48
428,4.99,0.33,7.12,5.12,0.4,7.35,0.33,0.4,0.33
429,14.87,4.58,75.79,12.71,18.79,29.43,2.69,4.23,2.69
430,2.0,1.61,2.07,1.11,1.82,1.25,0.21,0.18,0.18
431,194.84,223.23,143.81,94.65,147.77,67.02,168.3,93.91,67.02
432,197.12,182.07,165.8,150.37,245.66,110.33,145.99,120.34,110.33
433,5.38,5.92,16.54,9.91,2.76,12.36,3.74,2.8,2.76
434,45.51,1.74,129.74,70.16,7.21,207.02,1.81,10.6,1.74
435,73.63,70.75,62.37,80.59,52.94,65.28,70.56,65.99,52.94
436,3.26,3.03,5.6,3.05,2.5,5.04,2.93,1.97,1.97
437,16.57,10.75,16.06,14.18,11.46,14.91,10.09,10.22,10.09
438,35.77,1.38,5.08,55.51,41.56,6.66,1.44,65.3,1.38
439,10.21,8.63,10.47,10.94,8.08,10.86,8.66,9.29,8.08
440,2.06,1.37,2.42,2.6,1.76,2.17,1.55,1.75,1.37
441,281.11,192.8,197.33,207.99,149.18,143.11,179.1,122.66,122.66
442,205.07,170.38,192.26,161.96,117.03,92.55,200.53,98.14,92.55
443,13.69,10.46,14.84,14.4,11.38,15.5,9.19,9.92,9.19
444,13.16,11.38,8.12,8.68,8.96,7.07,3.45,2.72,2.72
445,20.55,1.63,19.37,32.56,3.06,31.25,1.75,3.9,1.63
446,37.67,4.9,17.57,25.84,6.0,15.2,4.7,4.2,4.2
447,215.11,251.28,269.69,189.66,192.15,161.36,147.68,147.42,147.42
448,69.91,43.61,56.43,77.41,39.28,68.99,42.76,38.24,38.24
449,2.62,1.78,2.12,2.36,1.79,2.64,0.3,0.18,0.18
450,6.17,1.75,141.49,8.21,22.39,223.13,1.83,34.96,1.75
451,74.5,24.88,25.12,11.3,29.48,14.06,5.24,3.21,3.21
452,595.04,42.43,TO,100.71,20.96,200.26,4.25,5.48,4.25
453,13.17,10.26,14.05,14.17,9.18,13.1,8.81,8.58,8.58
454,8.43,0.37,6.61,0.3,0.26,2.02,0.33,0.41,0.26
455,68.12,2.77,3.25,108.13,1.39,4.09,3.42,1.48,1.39
456,16.97,4.04,56.3,18.34,3.42,44.22,3.87,3.68,3.42
457,11.84,13.47,9.23,8.09,7.11,5.83,1.62,2.77,1.62
458,225.14,5.01,174.99,351.64,85.74,283.37,6.82,134.25,5.01
459,217.71,231.29,148.37,126.81,133.19,62.81,98.58,359.15,62.81
460,16.86,14.86,15.92,10.9,13.25,6.43,4.7,3.82,3.82
461,9.19,3.59,75.03,12.85,1.62,121.04,4.64,1.69,1.62
462,2.41,2.64,2.43,1.96,2.23,2.08,0.24,0.19,0.19
463,17.46,12.42,16.1,15.62,11.85,16.36,11.04,11.41,11.04
464,17.59,8.84,118.88,26.33,1.67,195.97,13.11,1.73,1.67
465,5.2,7.79,174.94,6.59,4.95,278.3,11.51,6.77,4.95
466,13.52,9.25,11.82,11.54,9.32,11.3,9.86,9.46,9.25
467,16.22,10.92,15.41,14.88,10.45,15.42,9.73,10.29,9.73
468,40.92,3.36,71.86,63.66,1.74,115.98,4.41,1.83,1.74
469,2.51,2.55,2.31,3.87,1.81,3.01,0.05,0.06,0.05
470,151.87,116.08,121.23,10.95,120.9,20.37,4.96,6.53,4.96
471,211.91,237.81,201.96,173.32,127.65,105.08,161.4,108.72,105.08
472,4.38,3.9,263.8,5.24,1.58,430.35,5.19,1.69,1.58
473,1.28,1.17,1.11,3.4,1.11,4.41,1.4,1.63,1.11
474,8.25,0.16,8.83,8.45,0.4,9.16,0.16,0.42,0.16
475,18.14,11.98,16.08,14.99,11.55,15.95,10.43,10.32,10.32
476,134.58,111.8,102.94,188.15,83.17,93.99,102.81,61.05,61.05
477,6.29,0.13,8.33,0.65,0.45,0.18,0.13,0.5,0.13
478,1.89,4.49,2.45,2.13,1.71,2.74,5.86,1.81,1.71
479,TO,1518.6,TO,TO,TO,TO,1506.72,TO,1506.72
480,23.22,6.77,6.56,11.43,5.59,8.67,6.7,4.73,4.73
481,20.16,16.55,10.61,8.43,12.46,8.04,2.82,3.29,2.82
482,20.17,13.34,15.44,9.03,10.28,6.97,3.37,2.79,2.79
483,TO,102.52,202.4,132.56,34.93,14.57,5.55,4.81,4.81
484,146.36,373.46,456.62,60.61,672.62,46.59,6.64,5.22,5.22
485,79.22,64.8,99.51,94.86,35.17,77.8,76.6,52.28,35.17
486,8.11,2.32,TO,11.76,48.63,TO,2.4,75.79,2.32
487,17.76,15.67,21.89,17.31,15.55,18.4,11.89,14.14,11.89
488,3.31,3.05,2.8,3.77,2.53,2.65,0.22,0.24,0.22
489,293.79,65.07,TO,465.75,22.75,TO,101.29,36.24,22.75
490,290.48,258.51,204.47,241.13,313.69,100.37,196.51,88.17,88.17
491,60.31,1.9,250.4,93.56,1.63,414.26,1.99,1.79,1.63
492,9.53,0.27,10.18,9.75,0.39,10.44,0.28,0.42,0.27
493,35.41,16.49,36.98,34.93,14.37,35.73,17.56,19.97,14.37
494,10.96,4.29,9.23,16.31,2.23,14.43,5.28,2.32,2.23
495,13.23,10.83,12.61,14.12,11.05,14.03,10.13,10.03,10.03
496,TO,2.77,3.69,TO,9.32,4.99,3.27,14.23,2.77
497,2.76,2.69,2.85,5.99,1.94,2.14,0.06,0.06,0.06
498,11.24,5.41,35.25,38.55,3.69,25.32,5.66,4.03,3.69
499,4.68,2.73,4.18,6.18,2.94,6.75,3.89,4.1,2.73
500,20.42,21.58,18.11,9.36,10.6,8.33,3.27,2.72,2.72
501,2.19,80.47,9.39,2.43,2.69,14.77,128.36,3.39,2.19
502,9.01,0.13,11.26,9.12,0.32,11.53,0.14,0.33,0.13
503,20.0,16.34,12.75,12.31,8.04,9.59,7.68,3.74,3.74
504,30.0,1.97,275.28,46.67,2.14,443.9,2.06,2.37,1.97
505,282.42,215.41,205.34,164.88,168.55,117.77,267.51,126.42,117.77
506,4.43,9.01,132.96,5.87,2.32,219.01,13.33,2.7,2.32
507,2.83,3.02,2.65,5.39,2.07,6.26,0.12,0.12,0.12
508,1621.91,33.06,1664.08,18.88,187.28,59.61,5.47,5.85,5.47
509,1026.78,68.2,397.27,81.25,19.64,59.32,5.99,5.16,5.16
510,24.52,14.27,17.52,13.05,13.26,8.81,6.62,6.94,6.62
511,67.18,3.08,12.8,107.27,3.05,20.18,3.94,3.69,3.05
512,22.18,14.19,18.14,20.7,15.05,19.31,12.58,13.9,12.58
513,5.55,3.62,4.36,5.71,4.73,5.64,2.99,3.89,2.99
514,186.88,49.16,TO,298.15,4.28,826.36,77.91,5.82,4.28
515,4.81,1.87,91.53,6.07,2.17,148.63,1.95,2.26,1.87
516,14.44,10.37,14.35,14.75,11.55,16.43,11.69,11.14,10.37
517,14.67,0.16,11.78,14.79,0.16,12.09,0.17,0.16,0.16
518,9.86,0.16,14.94,0.59,0.04,2.05,0.17,0.04,0.04
519,20.38,4.78,15.52,18.56,5.66,24.75,4.1,6.51,4.1
520,21.12,16.24,22.38,21.53,16.73,18.97,14.47,14.73,14.47
521,3.3,2.84,3.72,5.6,2.98,1.01,0.25,0.2,0.2
522,19.25,5.71,59.61,29.24,8.23,99.89,7.61,12.36,5.71
523,211.93,196.84,234.18,281.61,265.51,178.2,218.88,248.03,178.2
524,148.37,2.46,2.85,243.25,22.02,3.21,2.56,34.56,2.46
525,6.74,9.6,9.24,7.04,5.62,6.97,6.94,6.07,5.62
526,210.83,65.91,3.88,340.28,1.8,4.22,105.89,1.9,1.8
527,260.65,231.72,290.9,143.09,213.8,187.14,143.91,75.97,75.97
528,21.64,15.52,13.07,14.04,10.46,8.05,8.69,3.69,3.69
529,271.05,162.77,116.94,440.7,65.75,200.49,256.68,106.93,65.75
530,3.19,3.24,3.15,0.39,2.21,0.27,0.07,0.06,0.06
531,22.73,15.65,20.11,12.55,14.88,9.52,2.58,4.28,2.58
532,79.52,7.91,14.28,130.25,2.29,24.28,11.39,2.4,2.29
533,16.34,10.18,13.3,15.71,9.72,16.3,13.58,11.95,9.72
534,6.25,3.3,4.17,6.74,3.05,6.3,4.55,4.7,3.05
535,17.33,15.21,14.28,15.04,12.28,9.44,7.5,4.98,4.98
536,TO,361.38,701.42,552.74,74.66,65.02,9.17,7.61,7.61
537,1316.0,138.28,TO,241.38,13.04,23.19,7.42,6.72,6.72
538,54.47,141.66,2.09,87.25,3.02,2.42,232.57,3.62,2.09
539,2.86,2.83,4.32,3.8,2.22,4.04,1.61,1.99,1.61
540,360.74,345.68,309.57,318.69,237.52,108.02,215.53,218.19,108.02
541,348.39,335.09,262.03,220.09,231.8,121.16,204.54,147.06,121.16
542,16.39,2.54,10.71,24.87,2.98,16.86,2.64,3.64,2.54
543,17.27,12.6,14.89,18.37,12.78,19.27,13.49,12.19,12.19
544,18.13,19.47,13.35,10.9,11.38,9.81,5.56,3.79,3.79
545,160.86,261.44,163.43,111.34,153.65,74.98,99.89,149.67,74.98
546,3.3,3.62,3.63,8.07,2.29,5.64,0.2,0.2,0.2
547,TO,2.49,53.4,TO,2.4,89.2,2.56,2.6,2.4
548,20.25,13.36,13.71,14.96,12.47,10.63,7.13,4.89,4.89
549,2.03,1.47,1.74,4.82,1.36,2.98,1.98,1.86,1.36
550,4.33,2.67,5.77,4.38,2.52,5.47,3.53,3.33,2.52
551,367.76,279.06,300.0,263.68,235.29,126.71,166.72,112.26,112.26
552,121.67,2.5,399.77,201.79,37.99,673.9,2.61,62.65,2.5
553,154.93,178.9,154.68,252.76,122.79,131.15,166.83,92.77,92.77
554,377.43,590.24,267.61,348.72,290.41,172.74,214.21,158.35,158.35
555,23.99,11.56,15.74,20.18,21.46,23.11,11.24,8.33,8.33
556,11.14,0.46,15.03,1.28,2.31,2.21,0.16,0.75,0.16
557,18.33,11.38,18.6,27.83,3.48,29.68,17.2,4.46,3.48
558,3.41,3.45,3.88,11.71,2.46,0.4,0.19,0.2,0.19
559,71.81,2.41,48.52,117.28,1.93,80.61,2.76,2.26,1.93
560,TO,TO,TO,TO,TO,TO,TO,TO,TO
561,TO,TO,TO,TO,TO,TO,TO,TO,TO
562,TO,TO,TO,TO,TO,TO,TO,TO,TO
563,26.48,20.5,24.86,23.18,17.99,27.17,18.0,16.59,16.59
564,170.85,246.2,120.25,109.46,205.65,117.28,171.38,251.67,109.46
565,453.43,372.95,272.46,551.5,393.71,118.08,410.47,133.61,118.08
566,TO,1188.19,TO,TO,1384.59,TO,1739.58,TO,1188.19
567,25.68,18.25,26.33,23.67,17.85,24.77,16.94,16.31,16.31
568,389.8,2.47,TO,650.52,2.25,TO,2.6,2.37,2.25
569,24.31,15.03,17.97,16.08,12.41,12.11,5.05,5.59,5.05
570,TO,26.85,TO,TO,26.63,TO,25.86,32.5,25.86
571,469.08,412.31,393.02,282.05,372.19,214.71,260.83,204.57,204.57
572,39.37,2.75,45.77,64.37,2.18,77.93,3.14,2.35,2.18
573,159.81,111.82,150.33,144.37,66.78,99.19,102.95,91.92,66.78
574,14.12,10.93,12.56,18.97,11.01,14.81,11.92,11.85,10.93
575,TO,TO,1752.86,509.35,729.28,852.19,480.37,432.73,432.73
576,20.88,31.77,25.39,32.59,8.02,41.78,50.88,11.26,8.02
577,4.77,4.48,3.91,5.21,3.98,7.4,0.15,0.14,0.14
578,TO,1606.51,TO,123.13,766.16,137.92,9.11,9.09,9.09
579,1689.28,774.81,TO,50.57,141.29,828.8,17.01,13.27,13.27
580,16.85,14.62,15.83,20.97,13.99,19.04,14.72,13.9,13.9
581,16.28,0.18,21.22,16.38,0.47,21.6,0.18,0.49,0.18
582,4.68,20.81,169.71,5.21,165.24,295.41,32.59,278.24,4.68
583,19.75,18.56,13.85,14.13,14.99,12.43,3.37,4.93,3.37
584,TO,TO,TO,TO,TO,TO,TO,TO,TO
585,TO,TO,TO,TO,TO,TO,TO,TO,TO
586,99.63,48.72,TO,166.92,2.63,588.88,80.13,3.0,2.63
587,391.41,354.48,427.51,310.38,301.52,289.28,326.31,230.53,230.53
588,239.43,170.69,162.81,233.64,146.99,162.02,171.31,150.32,146.99
589,41.19,24.56,35.48,40.86,19.09,36.73,19.64,27.52,19.09
590,28.65,10.65,26.19,29.52,7.3,24.66,9.16,8.93,7.3
591,33.27,25.72,19.44,15.33,18.31,9.85,11.54,4.75,4.75
592,2.18,2.35,2.45,9.28,1.79,7.9,3.69,4.2,1.79
593,20.64,5.81,15.31,30.71,5.31,16.55,7.77,6.75,5.31
594,21.37,17.46,138.17,32.49,2.48,236.22,27.01,2.62,2.48
595,1674.87,875.93,1375.72,TO,764.11,1600.74,541.06,487.61,487.61
596,21.36,12.26,17.6,16.47,13.67,11.68,5.63,5.7,5.63
597,4.85,3.15,4.64,10.96,4.12,8.84,0.38,0.46,0.38
598,TO,195.2,TO,TO,109.18,TO,65.2,141.59,65.2
599,13.8,12.52,11.69,18.09,11.93,14.35,12.39,13.59,11.69
600,37.03,10.46,5.88,59.07,2.69,9.22,15.49,2.8,2.69
601,41.77,11.45,57.38,44.48,6.54,23.73,9.39,8.03,6.54
602,16.65,0.09,15.97,0.51,1.72,0.97,0.06,0.31,0.06
603,370.08,407.11,303.41,270.98,396.08,204.28,337.62,128.44,128.44
604,632.58,647.88,509.01,448.4,455.26,279.75,340.79,221.63,221.63
605,438.31,6.48,54.88,TO,6.85,93.89,9.97,9.57,6.48
606,481.69,51.96,957.13,45.92,43.87,94.68,19.28,17.3,17.3
607,6.33,5.58,4.47,6.75,10.27,7.12,5.95,5.3,4.47
608,22.33,13.72,14.77,17.64,12.72,17.41,11.93,5.9,5.9
609,795.94,76.63,408.06,118.67,78.67,114.92,75.21,74.94,74.94
610,79.97,46.91,48.28,81.27,41.39,50.94,56.32,46.9,41.39
611,24.61,20.61,18.0,17.72,17.9,11.14,8.57,6.26,6.26
612,TO,TO,TO,TO,TO,TO,TO,TO,TO
613,TO,TO,TO,TO,TO,TO,TO,TO,TO
614,TO,TO,TO,TO,TO,TO,TO,TO,TO
615,TO,TO,TO,TO,TO,TO,TO,TO,TO
616,437.98,103.35,404.7,295.09,68.53,74.03,66.12,103.35,66.12
617,8.37,27.46,235.67,11.83,2.83,408.0,44.29,2.97,2.83
618,10.1,5.22,6.34,9.64,5.15,12.71,5.36,5.58,5.15
619,12.56,0.42,14.42,12.85,0.25,14.66,0.42,0.26,0.25
620,4.28,4.3,5.16,0.4,2.97,4.33,0.13,0.13,0.13
621,167.36,2.48,130.82,277.9,17.35,219.74,2.59,28.17,2.48
622,495.04,309.09,309.26,319.83,237.4,149.93,315.32,117.52,117.52
623,27.92,18.62,27.72,27.76,19.34,26.77,18.03,17.67,17.67
624,89.61,226.48,85.54,51.3,500.01,63.36,159.52,132.16,51.3
625,17.07,15.1,18.98,20.14,14.64,19.63,16.04,15.68,14.64
626,213.32,668.01,298.85,260.04,364.6,366.78,161.02,126.82,126.82
627,47.16,2.52,TO,78.41,2.08,TO,2.69,2.21,2.08
628,TO,165.03,TO,342.9,TO,147.67,11.94,7.7,7.7
629,TO,83.7,TO,428.01,TO,95.99,11.51,9.89,9.89
630,16.7,0.15,14.65,16.87,0.32,15.15,0.14,0.34,0.14
631,283.15,21.77,167.66,473.51,2.57,290.7,34.99,2.73,2.57
632,9.41,5.58,6.98,6.35,7.01,8.66,6.64,7.07,5.58
633,857.91,648.86,415.82,TO,710.91,TO,TO,11.75,11.75
634,25.13,24.49,16.31,12.58,14.35,13.59,8.63,6.23,6.23
635,TO,TO,TO,TO,TO,TO,TO,TO,TO
636,588.44,2.14,276.33,TO,9.64,466.22,2.29,14.8,2.14
637,5.81,5.38,5.26,6.74,4.01,0.71,0.35,0.34,0.34
638,30.79,21.48,18.92,18.88,17.34,12.58,8.18,5.78,5.78
639,TO,132.11,57.61,TO,16.87,99.62,218.72,27.74,16.87
640,29.16,24.76,27.12,28.7,25.62,30.3,21.39,19.5,19.5
641,449.03,513.19,345.05,323.46,360.53,373.31,355.15,555.59,323.46
642,806.52,437.14,165.26,45.86,153.76,44.21,12.36,26.2,12.36
643,29.96,2.59,162.48,47.79,293.99,285.29,2.79,502.32,2.59
644,512.34,376.99,378.02,267.42,312.18,253.45,335.05,198.51,198.51
645,684.36,392.1,387.11,320.25,312.31,227.32,292.01,207.53,207.53
646,547.54,427.97,422.78,560.97,291.98,342.27,519.37,195.93,195.93
647,198.49,112.95,165.43,130.51,244.57,644.61,TO,90.05,90.05
648,TO,855.4,1221.12,1699.44,432.83,1157.48,393.26,305.16,305.16
649,15.04,0.17,25.36,15.33,0.33,25.83,0.16,0.34,0.16
650,6.01,3.87,4.62,10.38,4.32,2.41,0.38,0.41,0.38
651,TO,TO,TO,TO,802.27,TO,1544.01,TO,802.27
652,13.33,0.31,22.24,13.37,0.19,22.66,0.31,0.19,0.19
653,TO,TO,TO,TO,TO,TO,TO,TO,TO
654,TO,TO,TO,TO,TO,TO,TO,TO,TO
655,313.95,412.79,199.26,304.8,383.39,163.56,151.17,171.07,151.17
656,20.98,16.22,21.16,24.57,16.78,24.95,18.17,17.2,16.22
657,6.86,5.6,8.13,6.34,5.46,10.59,5.88,4.89,4.89
658,516.51,559.43,352.0,385.78,367.72,308.64,397.01,211.22,211.22
659,508.81,558.86,301.42,318.85,218.24,102.28,271.63,205.75,102.28
660,478.24,524.9,387.15,355.71,284.57,279.7,319.94,132.93,132.93
661,17.35,0.23,14.54,17.48,0.27,15.08,0.24,0.29,0.23
662,545.18,121.02,152.39,465.6,186.91,1077.93,249.16,21.38,21.38
663,TO,180.11,TO,142.58,164.23,891.82,15.34,8.79,8.79
664,TO,885.26,TO,1259.92,TO,TO,16.95,10.67,10.67
665,7.9,3.49,7.18,2.49,5.01,7.9,0.14,0.14,0.14
666,80.09,7.35,98.16,58.35,329.39,73.41,16.4,10.55,7.35
667,38.64,40.1,29.14,15.55,23.82,15.89,8.4,7.45,7.45
668,TO,TO,TO,TO,TO,TO,TO,TO,TO
669,16.32,14.07,15.79,22.9,13.34,17.85,15.2,12.07,12.07
670,TO,TO,TO,TO,TO,TO,TO,TO,TO
671,29.08,12.9,22.77,29.92,10.14,22.5,16.2,13.49,10.14
672,33.46,27.42,24.56,14.59,21.04,11.59,6.52,5.4,5.4
673,35.69,22.88,21.49,18.99,23.82,14.76,15.43,6.52,6.52
674,5.89,4.34,7.34,3.34,7.03,9.32,0.08,0.08,0.08
675,26.75,25.03,29.45,28.82,20.66,27.67,23.41,20.05,20.05
676,39.11,25.2,32.39,12.26,23.3,16.19,5.45,6.09,5.45
677,TO,TO,TO,TO,TO,TO,TO,TO,TO
678,TO,1362.27,TO,TO,1301.67,TO,TO,1246.36,1246.36
679,152.01,131.19,219.58,67.73,225.6,61.39,55.81,38.59,38.59
680,22.14,17.09,20.5,25.15,17.09,23.24,17.15,18.72,17.09
681,172.21,365.95,302.82,147.48,328.44,126.59,196.2,157.69,126.59
682,33.31,32.08,24.07,16.04,26.62,16.05,6.07,10.04,6.07
683,6.15,4.61,7.06,8.68,6.69,7.23,3.93,5.03,3.93
684,TO,TO,TO,TO,TO,TO,TO,TO,TO
685,5.65,4.56,5.29,0.62,6.3,0.6,0.42,0.55,0.42
686,24.04,27.9,19.06,16.05,18.41,19.99,15.5,5.67,5.67
687,103.41,50.55,158.99,125.87,47.2,91.69,41.23,42.08,41.23
688,37.43,29.86,33.37,35.13,27.82,33.5,24.81,25.21,24.81
689,35.36,24.11,33.61,33.08,24.5,34.27,24.54,22.94,22.94
690,38.46,24.88,25.15,11.83,29.19,16.79,11.99,3.58,3.58
691,34.33,39.83,27.94,25.57,26.73,10.88,6.11,4.89,4.89
692,TO,1407.48,TO,438.22,178.0,TO,9.3,15.29,9.3
693,TO,TO,TO,1314.58,133.16,642.49,21.13,21.15,21.13
694,95.61,223.98,158.08,19.83,104.56,22.19,9.6,8.57,8.57
695,757.67,698.01,453.38,321.89,481.97,270.35,255.01,218.36,218.36
696,8.23,2.46,404.04,7.11,3.45,7.98,3.02,204.45,2.46
697,31.41,24.91,33.37,30.18,24.38,33.14,21.07,23.35,21.07
698,33.69,22.29,33.31,33.93,21.34,33.68,21.16,20.12,20.12
699,133.99,110.19,138.51,93.98,75.15,118.06,87.2,104.39,75.15
700,6.57,3.73,5.35,2.78,5.21,13.0,0.51,0.59,0.51
701,TO,25.12,TO,TO,19.87,TO,28.82,31.49,19.87
702,44.82,29.71,27.98,20.49,25.12,17.0,8.76,7.75,7.75
703,32.06,39.85,27.82,40.78,30.86,36.24,41.73,34.43,27.82
704,37.9,25.95,34.78,34.13,24.83,33.06,23.05,26.58,23.05
705,905.0,1224.67,720.92,TO,276.53,86.8,48.07,617.03,48.07
706,TO,TO,TO,1308.41,717.78,1338.74,657.75,702.57,657.75
707,21.96,0.19,17.4,22.26,0.18,17.73,0.2,0.19,0.18
708,23.16,18.1,23.05,29.78,17.84,29.55,18.83,19.41,17.84
709,14.7,5.38,10.61,12.22,5.14,10.49,6.38,6.61,5.14
710,TO,TO,TO,TO,TO,TO,TO,TO,TO
711,5.61,6.67,6.72,10.2,7.92,15.4,0.1,0.1,0.1
712,43.32,28.09,35.42,36.93,22.42,40.97,30.91,17.19,17.19
713,716.37,646.78,538.06,382.82,476.33,280.46,448.82,228.34,228.34
714,33.32,25.81,31.08,33.47,24.2,33.52,24.54,21.42,21.42
715,TO,TO,470.88,367.34,1001.03,268.68,446.88,1771.68,268.68
716,47.79,23.35,28.0,24.23,18.96,16.92,6.38,8.24,6.38
717,TO,TO,TO,TO,TO,TO,TO,TO,TO
718,458.08,508.2,327.96,13.24,235.94,11.69,6.7,6.76,6.7
719,801.46,725.45,521.9,459.2,478.57,383.78,469.58,198.14,198.14
720,578.1,629.2,514.41,421.02,366.45,312.9,355.66,202.17,202.17
721,36.9,19.47,26.56,21.39,16.12,16.1,10.42,8.02,8.02
722,685.08,255.99,TO,81.24,922.52,321.73,18.5,541.76,18.5
723,43.21,31.95,41.79,38.01,34.71,38.66,28.84,28.67,28.67
724,62.51,45.73,36.99,49.47,52.93,42.05,46.25,30.27,30.27
725,TO,TO,TO,TO,TO,TO,TO,TO,TO
726,TO,TO,TO,TO,TO,TO,26.08,24.03,24.03
727,TO,425.71,TO,TO,TO,TO,27.64,18.37,18.37
728,21.81,0.36,23.63,22.06,0.99,24.21,0.36,1.05,0.36
729,5.14,5.73,11.01,8.09,6.29,15.32,0.31,0.48,0.31
730,6.39,4.03,6.83,14.18,5.14,13.75,7.37,7.57,4.03
731,TO,680.82,TO,351.89,TO,134.99,25.97,28.34,25.97
732,616.03,618.03,393.36,385.15,306.96,267.64,351.84,157.4,157.4
733,27.88,18.83,24.21,29.68,19.25,29.72,23.62,22.89,18.83
734,1348.85,TO,1465.01,539.46,TO,218.0,1433.51,1225.92,218.0
735,36.13,27.55,38.08,36.65,26.21,36.13,25.33,24.84,24.84
736,11.41,9.7,12.62,16.2,12.02,12.35,10.11,10.03,9.7
737,30.54,36.36,36.83,19.93,20.54,14.16,8.37,8.64,8.37
738,49.36,48.69,32.78,39.17,253.76,31.98,64.59,40.64,31.98
739,6.11,7.08,7.58,11.21,6.48,10.83,0.37,0.36,0.36
740,285.66,177.54,315.63,196.44,527.17,239.6,468.48,250.27,177.54
741,TO,43.84,210.64,98.44,256.35,75.57,22.77,22.4,22.4
742,TO,802.62,398.53,TO,539.63,25.36,20.04,21.43,20.04
743,646.23,654.67,726.64,474.38,426.85,552.61,422.23,343.65,343.65
744,TO,TO,TO,TO,TO,TO,TO,TO,TO
745,41.15,29.74,42.72,42.3,30.91,42.02,27.05,27.93,27.05
746,TO,TO,TO,TO,TO,TO,TO,TO,TO
747,20.76,0.18,22.62,0.85,0.45,1.3,0.19,0.45,0.18
748,39.4,28.62,40.3,34.32,28.04,39.73,26.22,25.84,25.84
749,7.2,5.55,6.48,14.07,10.0,18.04,0.45,0.39,0.39
750,39.12,27.12,34.43,37.09,26.16,39.91,26.41,26.27,26.16
751,765.17,749.65,749.45,263.91,568.42,267.57,424.57,392.32,263.91
752,495.75,243.51,573.25,338.45,219.79,339.22,278.3,200.76,200.76
753,801.86,TO,TO,345.0,1066.83,405.9,458.72,694.84,345.0
754,TO,TO,TO,TO,322.71,TO,31.73,28.46,28.46
755,TO,TO,TO,TO,414.52,TO,19.97,23.15,19.97
756,TO,37.35,TO,TO,29.83,TO,47.69,30.2,29.83
757,24.55,21.16,25.3,35.25,22.23,32.1,22.06,22.69,21.16
758,50.54,40.88,30.97,27.25,33.89,19.68,17.67,10.53,10.53
759,48.5,34.39,41.32,27.62,29.24,15.49,12.86,9.18,9.18
760,28.04,0.05,21.0,28.2,0.06,21.62,0.06,0.06,0.05
761,TO,TO,TO,TO,TO,TO,TO,TO,TO
762,842.14,798.83,663.65,342.53,527.78,237.17,249.25,173.48,173.48
763,1564.03,268.2,1275.07,126.06,346.94,TO,29.36,27.67,27.67
764,TO,TO,TO,TO,TO,TO,304.55,466.29,304.55
765,TO,332.84,TO,TO,499.11,TO,380.7,472.71,332.84
766,1074.57,TO,639.99,508.95,709.27,419.24,805.72,1214.19,419.24
767,TO,29.12,TO,TO,24.94,TO,24.5,32.27,24.5
768,TO,27.41,TO,TO,49.95,TO,33.16,40.35,27.41
769,506.33,TO,384.91,33.73,517.48,31.78,22.99,24.15,22.99
770,20.24,8.17,20.56,9.39,6.89,9.67,9.56,12.42,6.89
771,TO,TO,TO,TO,297.34,TO,TO,127.93,127.93
772,897.52,1213.03,821.82,292.86,TO,307.37,672.22,766.24,292.86
773,TO,1604.34,1219.42,278.24,141.89,100.63,30.4,25.27,25.27
774,TO,TO,1558.67,71.57,56.05,78.77,11.66,23.67,11.66
775,99.34,32.26,61.95,42.03,47.9,32.98,12.47,12.0,12.0
776,TO,231.35,1734.06,227.46,559.06,417.28,27.92,20.43,20.43
777,896.16,901.99,644.33,491.87,784.36,255.16,348.2,242.86,242.86
778,873.73,632.04,648.82,690.29,545.68,473.78,356.84,289.27,289.27
779,30.2,22.38,28.23,34.01,22.27,31.91,24.43,24.01,22.27
780,TO,TO,TO,TO,TO,TO,31.77,26.13,26.13
781,TO,TO,TO,264.42,TO,889.84,20.91,17.65,17.65
782,21.38,0.1,26.15,21.68,0.21,26.79,0.12,0.21,0.1
783,3.89,2.55,3.23,6.23,2.3,13.15,8.33,3.47,2.3
784,24.54,0.04,29.56,24.84,0.2,30.1,0.04,0.2,0.04
785,13.84,13.08,11.82,13.28,13.53,13.71,9.89,7.97,7.97
786,52.75,38.47,46.12,49.2,35.74,46.1,32.43,33.19,32.43
787,8.34,5.15,6.13,TO,4.26,1785.48,13.38,TO,4.26
788,TO,TO,TO,TO,TO,TO,TO,TO,TO
789,15.85,12.89,13.19,24.13,10.74,22.03,15.72,15.08,10.74
790,1107.34,887.25,1061.07,858.91,595.56,446.24,477.11,335.53,335.53
791,1088.62,991.7,695.9,464.37,634.3,578.57,557.08,348.42,348.42
792,34.24,0.92,37.64,0.65,0.45,0.79,0.09,0.45,0.09
793,76.14,19.02,73.92,56.85,19.97,135.01,28.46,23.66,19.02
794,12.16,6.07,11.13,7.91,7.75,10.68,8.76,8.42,6.07
795,TO,617.78,TO,107.65,432.24,471.74,32.31,30.49,30.49
796,TO,79.8,TO,TO,140.56,TO,53.31,83.56,53.31
797,1015.0,993.76,725.05,702.69,548.13,364.17,699.26,209.7,209.7
798,1335.27,588.83,TO,213.5,188.53,412.05,74.34,72.83,72.83
799,23.43,12.79,24.41,14.63,9.45,9.13,4.97,3.76,3.76
800,TO,783.92,TO,TO,17.77,620.08,22.8,38.04,17.77
801,TO,150.53,TO,TO,165.1,TO,126.7,163.96,126.7
802,31.28,25.39,32.69,41.44,25.6,37.24,27.13,30.89,25.39
803,TO,1249.04,1203.63,1298.27,644.19,953.12,702.17,911.97,644.19
804,31.36,0.27,23.89,31.69,0.63,24.41,0.28,0.64,0.27
805,TO,TO,TO,TO,TO,TO,40.98,33.25,33.25
806,TO,TO,TO,TO,TO,1029.72,15.52,41.29,15.52
807,306.54,293.41,153.44,6.02,55.71,10.28,2.37,2.08,2.08
808,60.43,43.19,61.45,56.51,40.53,47.34,39.41,35.78,35.78
809,TO,TO,TO,TO,TO,TO,TO,TO,TO
810,TO,TO,TO,TO,TO,TO,TO,TO,TO
811,TO,1717.72,TO,1332.68,831.78,1418.78,357.16,438.58,357.16
812,153.34,130.33,82.03,105.11,32.07,52.36,83.03,54.82,32.07
813,804.59,346.31,1228.75,411.85,475.64,TO,104.26,94.02,94.02
814,33.42,26.21,31.56,39.56,26.26,42.01,31.5,26.89,26.21
815,5.5,3.79,4.99,18.95,4.45,27.01,10.49,24.18,3.79
816,36.3,0.29,40.95,36.34,0.33,42.42,0.31,0.34,0.29
817,52.09,42.51,53.08,48.56,40.02,48.74,38.7,36.34,36.34
818,23.48,0.42,46.52,24.03,0.21,47.56,0.42,0.21,0.21
819,17.38,17.13,20.72,21.54,10.4,13.35,15.19,13.04,10.4
820,TO,TO,TO,TO,TO,TO,42.06,56.59,42.06
821,TO,TO,TO,740.24,TO,TO,43.22,28.91,28.91
822,118.39,126.15,69.76,115.55,103.53,151.95,123.81,114.06,69.76
823,5.66,4.39,5.22,24.21,4.56,17.74,18.07,10.49,4.39
824,205.59,433.13,496.25,157.68,385.53,212.92,227.31,224.71,157.68
825,TO,130.58,TO,TO,166.45,TO,79.7,88.29,79.7
826,TO,121.46,TO,TO,102.06,TO,164.07,127.29,102.06
827,TO,55.39,TO,TO,41.82,TO,51.69,45.88,41.82
828,39.07,0.04,30.09,0.54,0.04,1.07,0.05,0.05,0.04
829,12.43,6.12,16.56,18.51,3.98,18.86,8.26,8.2,3.98
830,TO,1722.6,1579.84,1056.56,1432.92,842.4,727.99,597.46,597.46
831,402.97,152.19,205.95,405.18,120.66,303.24,118.23,125.87,118.23
832,TO,TO,TO,TO,TO,TO,TO,TO,TO
833,34.16,26.46,33.69,42.49,26.2,41.47,35.89,30.17,26.2
834,TO,1039.01,TO,485.09,672.94,242.65,47.28,53.07,47.28
835,28.34,5.18,57.64,139.59,1004.63,980.94,481.59,7.17,5.18
836,1008.73,902.14,1012.8,693.32,695.3,800.46,540.14,564.39,540.14
837,TO,TO,TO,637.21,TO,704.23,25.46,34.22,25.46
838,TO,TO,TO,TO,TO,TO,51.73,44.88,44.88
839,TO,147.49,TO,TO,143.16,TO,159.18,134.79,134.79
840,652.64,186.01,258.38,75.03,369.15,51.4,16.35,17.71,16.35
841,170.62,110.78,111.69,76.21,101.69,70.05,85.13,66.2,66.2
842,TO,TO,TO,721.95,826.19,1147.65,68.63,52.36,52.36
843,19.54,16.72,18.62,25.79,12.79,15.03,11.21,9.6,9.6
844,1348.75,1172.76,1282.91,1021.57,886.58,899.26,850.92,639.4,639.4
845,39.28,28.84,41.39,45.24,28.67,45.73,34.33,32.23,28.67
846,237.85,24.62,1409.51,204.25,18.57,352.57,17.92,15.65,15.65
847,68.32,49.78,66.31,60.86,44.28,61.28,43.37,43.82,43.37
848,6.53,3.49,4.85,37.19,4.87,27.88,14.72,19.6,3.49
849,48.95,0.47,34.35,49.31,0.54,34.97,0.47,0.57,0.47
850,TO,909.67,TO,691.72,369.04,1209.37,57.35,63.43,57.35
851,TO,80.88,TO,TO,67.49,TO,87.85,73.79,67.49
852,43.83,0.97,64.13,0.63,0.91,0.8,0.28,0.53,0.28
853,290.15,287.47,279.81,225.91,153.14,303.03,137.89,202.33,137.89
854,490.08,241.73,278.13,147.42,297.71,147.77,82.58,166.31,82.58
855,TO,TO,TO,TO,TO,TO,46.56,59.12,46.56
856,TO,TO,TO,TO,TO,TO,58.91,57.11,57.11
857,TO,165.81,TO,TO,260.43,TO,123.65,89.24,89.24
858,TO,TO,TO,1042.01,TO,873.61,44.33,49.43,44.33
859,38.65,29.5,41.83,50.39,29.12,46.61,35.9,35.8,29.12
860,TO,TO,TO,172.63,TO,TO,45.31,25.21,25.21
861,804.89,694.43,1030.96,874.24,1495.34,779.47,372.61,668.49,372.61
862,557.69,256.11,640.51,22.0,113.84,20.98,8.33,7.54,7.54
863,1356.62,1536.93,1107.02,1247.69,932.63,327.52,985.35,336.26,327.52
864,37.38,0.05,45.61,1.16,0.85,1.07,0.06,0.88,0.05
865,40.1,0.05,48.86,39.84,0.05,49.75,0.05,0.06,0.05
866,13.74,11.65,13.59,15.42,13.26,19.16,18.35,19.08,11.65
867,TO,240.5,TO,TO,279.24,TO,131.68,84.32,84.32
868,TO,TO,TO,TO,TO,TO,TO,TO,TO
869,TO,TO,TO,TO,TO,TO,95.4,126.67,95.4
870,TO,TO,TO,TO,TO,TO,87.71,44.78,44.78
871,TO,TO,TO,433.65,TO,TO,84.86,101.94,84.86
872,TO,TO,592.51,545.44,731.45,530.3,93.34,120.32,93.34
873,TO,TO,TO,TO,276.77,1276.96,85.79,122.81,85.79
874,TO,TO,TO,TO,142.43,885.71,62.15,58.22,58.22
875,75.83,56.46,76.34,67.05,53.64,71.39,51.1,48.48,48.48
876,46.29,33.3,40.84,49.86,34.45,51.69,35.25,36.68,33.3
877,34.57,0.24,36.29,35.14,0.65,37.0,0.25,0.61,0.24
878,TO,131.45,TO,TO,107.19,TO,68.13,104.92,68.13
879,TO,48.73,TO,TO,34.7,TO,34.76,39.87,34.7
880,13.58,3.67,16.72,17.4,4.14,16.82,5.32,5.0,3.67
881,TO,81.11,TO,TO,74.53,TO,108.62,74.51,74.51
882,TO,TO,TO,TO,TO,TO,TO,TO,TO
883,TO,TO,TO,393.02,TO,589.46,TO,TO,393.02
884,28.96,17.35,33.45,25.57,22.05,35.26,27.19,21.62,17.35
885,916.58,908.46,442.51,TO,TO,1696.25,40.12,36.59,36.59
886,TO,TO,TO,TO,TO,646.84,120.5,70.65,70.65
887,TO,TO,TO,TO,TO,TO,122.49,54.9,54.9
888,TO,1034.13,TO,TO,677.1,TO,108.24,148.66,108.24
889,TO,TO,TO,TO,TO,TO,94.85,155.27,94.85
890,TO,TO,TO,TO,501.73,TO,64.13,61.36,61.36
891,TO,TO,TO,TO,TO,1476.41,66.97,49.73,49.73
892,TO,21.34,TO,TO,20.95,TO,26.06,30.63,20.95
893,TO,TO,TO,248.05,TO,402.65,200.25,TO,200.25
894,TO,33.05,TO,TO,34.37,TO,67.48,19.94,19.94
895,TO,1203.61,TO,TO,TO,1533.26,334.11,1293.77,334.11
896,TO,TO,TO,432.76,TO,983.65,49.05,51.0,49.05
897,TO,TO,TO,230.52,TO,357.14,92.92,91.6,91.6
898,TO,30.98,TO,TO,86.2,TO,28.07,31.22,28.07
899,TO,228.06,TO,TO,886.31,TO,79.53,91.6,79.53
900,731.55,351.56,653.26,77.19,245.31,38.28,25.88,14.64,14.64
901,50.48,0.3,45.33,51.24,0.26,46.35,0.3,0.26,0.26
902,83.98,132.92,92.32,83.96,46.64,95.68,133.7,49.69,46.64
903,TO,TO,TO,TO,TO,TO,90.03,89.49,89.49
904,TO,TO,TO,TO,TO,TO,90.39,59.93,59.93
905,1465.22,864.88,1305.08,1149.11,1295.15,861.21,919.67,678.23,678.23
906,TO,TO,TO,TO,TO,TO,133.07,783.63,133.07
907,113.2,59.98,109.29,68.32,56.58,67.5,48.75,51.3,48.75
908,TO,112.24,TO,TO,TO,95.53,TO,TO,95.53
909,TO,18.72,TO,TO,24.31,TO,26.85,24.05,18.72
910,TO,TO,TO,TO,1479.91,1223.47,1031.31,751.76,751.76
911,125.89,173.39,183.19,1617.93,490.38,176.38,449.57,103.19,103.19
912,TO,TO,813.63,14.94,735.9,19.88,3.62,6.66,3.62
913,TO,TO,TO,472.8,TO,1279.74,78.87,70.38,70.38
914,TO,121.99,TO,TO,81.38,TO,28.1,41.16,28.1
915,TO,47.09,TO,TO,29.54,TO,29.45,33.96,29.45
916,TO,34.61,TO,TO,34.31,TO,17.39,36.04,17.39
917,TO,43.34,TO,TO,40.25,TO,53.11,24.23,24.23
918,TO,TO,TO,TO,TO,TO,87.59,97.25,87.59
919,TO,731.87,TO,TO,TO,TO,92.83,56.26,56.26
920,TO,TO,TO,TO,729.13,347.3,77.67,129.72,77.67
921,TO,1653.67,TO,334.91,164.31,457.54,98.03,98.77,98.03
922,441.53,259.49,128.18,152.82,144.25,77.71,59.41,50.61,50.61
923,42.71,0.57,53.37,0.91,1.36,1.72,0.57,0.63,0.57
924,42.81,0.26,48.2,43.08,0.72,49.14,0.26,0.75,0.26
925,TO,885.52,931.7,231.79,720.28,220.61,306.28,214.6,214.6
926,TO,39.63,TO,TO,119.94,TO,79.19,57.91,39.63
927,36.69,0.34,61.35,35.87,0.79,62.45,0.34,0.82,0.34
928,266.37,168.06,197.11,265.13,174.15,TO,213.84,166.11,166.11
929,TO,11.78,TO,TO,19.91,TO,11.65,15.03,11.65
930,TO,452.97,TO,TO,421.36,TO,107.64,143.84,107.64
931,TO,TO,TO,TO,TO,TO,238.89,117.6,117.6
932,TO,TO,TO,TO,TO,TO,90.47,76.66,76.66
933,TO,TO,TO,TO,TO,1709.83,106.73,112.35,106.73
934,255.04,194.91,188.32,354.08,197.66,273.42,147.52,255.63,147.52
935,TO,TO,TO,TO,TO,1014.82,TO,96.85,96.85
936,TO,135.46,TO,TO,48.05,TO,76.73,35.56,35.56
937,TO,TO,TO,TO,TO,TO,TO,TO,TO
938,21.56,18.78,16.06,28.18,19.28,21.09,20.31,12.04,12.04
939,273.58,209.49,250.97,393.47,457.37,TO,196.0,TO,196.0
940,TO,TO,TO,TO,TO,TO,TO,TO,TO
941,39.49,46.27,52.28,49.82,26.18,60.95,41.53,33.77,26.18
942,12.59,7.22,9.07,73.0,6.7,39.24,33.83,17.06,6.7
943,TO,31.14,TO,188.9,20.88,76.91,24.37,17.81,17.81
944,TO,TO,TO,TO,TO,TO,TO,TO,TO
945,75.89,0.13,78.6,3.83,5.18,3.15,0.11,0.1,0.1
946,1620.38,804.34,439.14,318.59,271.89,246.28,137.28,235.04,137.28
947,56.96,1.19,52.47,2.01,1.61,1.72,0.54,0.64,0.54
948,12.38,8.32,12.46,59.36,8.23,98.07,36.05,60.19,8.23
949,52.02,0.3,55.04,52.91,0.61,56.5,0.3,0.61,0.3
950,TO,TO,TO,TO,TO,TO,TO,TO,TO
951,TO,TO,TO,TO,TO,TO,TO,TO,TO
952,TO,32.74,TO,TO,50.85,TO,35.44,37.61,32.74
953,TO,TO,TO,635.5,TO,TO,84.32,82.9,82.9
954,TO,TO,TO,TO,TO,TO,TO,TO,TO
955,1705.14,1565.57,1704.71,1334.02,1279.91,1377.23,1256.79,1314.66,1256.79
956,93.28,58.78,124.99,154.45,69.68,108.57,73.48,65.1,58.78
957,46.38,0.33,50.4,47.0,0.36,51.75,0.34,0.35,0.33
958,TO,TO,TO,1651.06,TO,1712.37,196.21,168.53,168.53
959,TO,TO,TO,TO,TO,TO,TO,TO,TO
960,TO,TO,TO,TO,TO,TO,TO,TO,TO
961,TO,TO,816.14,TO,1389.41,TO,TO,TO,816.14
962,TO,179.56,TO,415.03,TO,TO,13.45,15.96,13.45
963,TO,TO,TO,TO,TO,TO,TO,TO,TO
964,70.44,1.45,74.32,0.76,0.98,1.83,0.58,0.67,0.58
965,TO,TO,TO,TO,TO,TO,TO,TO,TO
966,TO,TO,TO,TO,TO,TO,TO,TO,TO
967,17.55,12.49,14.4,12.7,9.16,11.6,2.6,4.58,2.6
968,TO,TO,TO,TO,144.33,TO,197.49,148.66,144.33
969,TO,TO,TO,644.75,TO,1012.46,627.97,490.83,490.83
970,54.32,0.11,54.98,55.19,0.95,56.31,0.11,0.92,0.11
971,TO,TO,TO,TO,TO,TO,TO,TO,TO
972,TO,273.73,TO,TO,247.02,TO,539.93,688.01,247.02
973,81.44,40.4,87.18,71.51,37.33,74.31,60.31,43.8,37.33
974,TO,TO,TO,TO,TO,TO,TO,TO,TO
975,TO,TO,TO,TO,TO,TO,TO,TO,TO
976,TO,TO,TO,TO,TO,TO,TO,TO,TO
977,42.74,23.27,43.26,42.82,19.62,44.97,25.56,34.04,19.62
978,TO,TO,TO,279.8,1485.18,52.27,TO,45.32,45.32
979,68.89,0.54,67.13,69.58,0.81,68.92,0.54,0.82,0.54
980,79.34,0.09,79.61,79.36,0.1,80.67,0.11,0.11,0.09
981,TO,TO,TO,TO,TO,TO,TO,TO,TO
982,TO,TO,TO,TO,TO,TO,TO,TO,TO
983,TO,TO,TO,TO,TO,TO,TO,TO,TO
984,TO,TO,TO,1782.66,1665.2,1751.48,1670.33,TO,1665.2
985,TO,TO,TO,TO,TO,TO,60.96,110.95,60.96
986,TO,TO,TO,TO,TO,TO,TO,TO,TO
987,TO,TO,TO,TO,TO,TO,TO,TO,TO
988,69.37,1.05,84.71,70.92,0.66,86.13,1.07,0.68,0.66
989,83.8,173.03,89.38,146.93,152.47,152.07,240.11,227.12,83.8
990,TO,TO,TO,TO,TO,TO,TO,TO,TO
991,86.7,0.43,139.8,87.66,1.11,141.99,0.44,1.18,0.43
992,TO,TO,637.66,203.31,891.97,611.78,111.23,104.54,104.54
993,TO,TO,TO,TO,TO,TO,TO,TO,TO
994,TO,TO,TO,TO,TO,TO,TO,TO,TO
995,54.61,43.77,54.33,55.23,45.85,65.57,41.06,32.29,32.29
996,TO,TO,TO,TO,TO,TO,TO,TO,TO
997,112.07,0.43,86.41,112.0,0.64,88.15,0.43,0.64,0.43
998,TO,TO,TO,TO,TO,TO,TO,TO,TO
999,85.31,0.11,116.8,86.17,0.11,118.89,0.14,0.14,0.11
1000,21.24,14.64,20.76,149.71,15.77,186.84,42.46,98.43,14.64
1001,127.26,312.36,131.07,257.4,295.57,223.0,425.53,415.49,127.26
