問題番号,proposed-cegar-ffi-cadical,proposed-cegar-ffi-2loop-cadical,proposed-cegar-ffi-lowest-asymmetry3-cadical,proposed-cegar-ffi-2opt3-cadical,proposed-cegar-ffi-2loop-lowest-asymmetry3-cadical,proposed-cegar-ffi-lowest-asymmetry3-2opt3-cadical,proposed-cegar-ffi-2loop-2opt3-cadical,proposed-cegar-ffi-2loop-lowest-asymmetry3-2opt3-cadical,VBS
1,0.01,0.0,0.01,0.0,0.0,0.0,0.0,0.0,0.0
2,0.0,0.01,0.01,0.01,0.01,0.01,0.0,0.0,0.0
3,0.01,0.02,0.02,0.01,0.02,0.02,0.02,0.02,0.01
4,0.01,0.01,0.01,0.01,0.01,0.01,0.01,0.01,0.01
5,0.02,0.02,0.01,0.02,0.02,0.01,0.01,0.02,0.01
6,0.03,0.01,0.03,0.0,0.0,0.0,0.01,0.01,0.0
7,0.01,0.02,0.02,0.02,0.01,0.01,0.02,0.02,0.01
8,0.04,0.04,0.05,0.04,0.04,0.05,0.04,0.04,0.04
9,0.02,0.05,0.02,0.02,0.05,0.01,0.04,0.05,0.01
10,0.03,0.02,0.04,0.01,0.02,0.01,0.03,0.02,0.01
11,0.01,0.01,0.02,0.03,0.01,0.03,0.01,0.0,0.0
12,0.01,0.02,0.02,0.02,0.01,0.01,0.02,0.01,0.01
13,0.05,0.0,0.06,0.06,0.01,0.06,0.01,0.01,0.0
14,0.02,0.02,0.03,0.02,0.03,0.01,0.0,0.0,0.0
15,0.02,0.02,0.02,0.01,0.02,0.02,0.02,0.02,0.01
16,0.02,0.05,0.01,0.01,0.05,0.02,0.05,0.05,0.01
17,0.02,0.02,0.02,0.01,0.03,0.02,0.03,0.03,0.01
18,0.02,0.0,0.02,0.04,0.02,0.03,0.02,0.01,0.0
19,0.07,0.07,0.07,0.1,0.06,0.09,0.06,0.06,0.06
20,0.02,0.01,0.02,0.02,0.01,0.03,0.0,0.01,0.0
21,0.02,0.03,0.01,0.02,0.03,0.02,0.03,0.03,0.01
22,0.05,0.02,0.06,0.05,0.02,0.05,0.02,0.02,0.02
23,0.02,0.04,0.04,0.04,0.04,0.05,0.02,0.02,0.02
24,0.05,0.01,0.04,0.06,0.01,0.06,0.0,0.01,0.0
25,0.03,0.07,0.02,0.03,0.07,0.03,0.07,0.07,0.02
26,0.04,0.01,0.04,0.04,0.02,0.04,0.02,0.02,0.01
27,0.02,0.03,0.03,0.03,0.03,0.03,0.02,0.01,0.01
28,0.03,0.02,0.03,0.04,0.02,0.02,0.02,0.02,0.02
29,0.06,0.06,0.06,0.06,0.06,0.06,0.06,0.07,0.06
30,0.05,0.01,0.06,0.07,0.01,0.07,0.01,0.01,0.01
31,0.05,0.01,0.05,0.04,0.01,0.05,0.01,0.01,0.01
32,0.07,0.01,0.07,0.07,0.01,0.07,0.02,0.02,0.01
33,0.1,0.2,0.1,0.1,0.2,0.1,0.22,0.23,0.1
34,0.04,0.01,0.04,0.03,0.01,0.04,0.01,0.0,0.0
35,0.05,0.01,0.06,0.04,0.02,0.04,0.03,0.03,0.01
36,0.06,0.0,0.05,0.07,0.02,0.07,0.02,0.02,0.0
37,0.22,0.04,0.23,0.26,0.04,0.25,0.04,0.04,0.04
38,0.06,0.01,0.05,0.06,0.01,0.06,0.0,0.01,0.0
39,0.06,0.03,0.06,0.13,0.03,0.14,0.05,0.04,0.03
40,0.05,0.02,0.05,0.06,0.02,0.06,0.02,0.02,0.02
41,0.06,0.03,0.06,0.05,0.04,0.07,0.03,0.04,0.03
42,0.05,0.01,0.05,0.06,0.02,0.06,0.02,0.03,0.01
43,0.05,0.03,0.05,0.09,0.02,0.09,0.01,0.01,0.01
44,0.07,0.0,0.06,0.07,0.01,0.08,0.01,0.01,0.0
45,0.11,0.4,0.12,0.14,0.39,0.14,0.44,0.44,0.11
46,0.06,0.03,0.06,0.07,0.03,0.05,0.03,0.03,0.03
47,0.08,0.02,0.08,0.07,0.01,0.06,0.04,0.04,0.01
48,0.21,0.17,0.2,0.23,0.18,0.24,0.2,0.2,0.17
49,0.1,0.0,0.11,0.11,0.02,0.12,0.02,0.01,0.0
50,0.03,0.02,0.03,0.03,0.02,0.03,0.02,0.01,0.01
51,0.05,0.03,0.04,0.05,0.03,0.04,0.02,0.03,0.02
52,0.15,0.03,0.15,0.05,0.02,0.06,0.04,0.02,0.02
53,0.09,0.01,0.08,0.09,0.01,0.1,0.01,0.01,0.01
54,0.29,0.01,0.29,0.32,0.01,0.33,0.01,0.01,0.01
55,0.08,0.04,0.06,0.08,0.03,0.09,0.03,0.04,0.03
56,0.11,0.05,0.1,0.04,0.04,0.04,0.02,0.03,0.02
57,0.11,0.01,0.11,0.12,0.02,0.11,0.02,0.02,0.01
58,0.03,0.32,0.02,0.03,0.33,0.03,0.38,0.36,0.02
59,0.17,0.08,0.18,0.08,0.07,0.1,0.08,0.08,0.07
60,0.1,0.04,0.11,0.13,0.04,0.11,0.05,0.05,0.04
61,0.1,0.02,0.09,0.06,0.03,0.06,0.03,0.02,0.02
62,0.35,0.29,0.35,0.36,0.3,0.35,0.28,0.28,0.28
63,0.09,0.01,0.1,0.11,0.02,0.1,0.01,0.01,0.01
64,0.07,0.05,0.06,0.02,0.05,0.01,0.0,0.01,0.0
65,0.27,0.01,0.25,0.3,0.03,0.3,0.03,0.02,0.01
66,0.14,0.02,0.14,0.16,0.02,0.14,0.01,0.02,0.01
67,0.09,0.03,0.09,0.07,0.02,0.07,0.03,0.02,0.02
68,0.12,0.02,0.11,0.12,0.0,0.12,0.02,0.02,0.0
69,0.19,0.15,0.18,0.23,0.16,0.22,0.17,0.17,0.15
70,0.12,0.02,0.12,0.14,0.0,0.14,0.02,0.02,0.0
71,0.17,0.03,0.18,0.13,0.03,0.12,0.02,0.03,0.02
72,0.31,0.11,0.31,0.15,0.1,0.17,0.1,0.1,0.1
73,0.14,0.01,0.14,0.16,0.01,0.18,0.0,0.01,0.0
74,0.17,0.06,0.17,0.18,0.07,0.18,0.15,0.15,0.06
75,0.14,0.49,0.14,0.16,0.48,0.15,0.57,0.57,0.14
76,0.41,0.16,0.4,0.33,0.16,0.33,0.12,0.13,0.12
77,0.16,0.04,0.15,0.18,0.04,0.17,0.05,0.04,0.04
78,0.13,0.06,0.12,0.09,0.07,0.09,0.03,0.03,0.03
79,0.26,0.11,0.26,0.17,0.1,0.18,0.11,0.1,0.1
80,0.11,0.02,0.11,0.12,0.02,0.11,0.01,0.02,0.01
81,0.1,0.27,0.11,0.11,0.27,0.12,0.32,0.32,0.1
82,0.08,0.07,0.08,0.03,0.06,0.03,0.02,0.0,0.0
83,0.15,0.01,0.15,0.15,0.01,0.15,0.01,0.0,0.0
84,0.27,0.11,0.29,0.19,0.12,0.19,0.11,0.12,0.11
85,0.24,0.07,0.23,0.14,0.07,0.13,0.01,0.0,0.0
86,0.48,0.49,0.5,0.3,0.49,0.31,0.3,0.3,0.3
87,0.42,0.36,0.43,0.45,0.35,0.46,0.34,0.34,0.34
88,0.5,0.37,0.49,0.41,0.37,0.42,0.33,0.33,0.33
89,0.15,0.02,0.15,0.16,0.01,0.16,0.01,0.01,0.01
90,0.32,0.12,0.33,0.18,0.12,0.18,0.13,0.12,0.12
91,0.15,0.25,0.16,0.18,0.25,0.18,0.28,0.29,0.15
92,0.22,0.02,0.22,0.25,0.02,0.26,0.02,0.02,0.02
93,0.31,0.09,0.31,0.12,0.09,0.1,0.06,0.04,0.04
94,0.21,0.02,0.21,0.23,0.01,0.22,0.0,0.02,0.0
95,1.23,0.13,1.24,1.49,0.13,1.49,0.15,0.15,0.13
96,0.77,0.13,0.78,0.23,0.14,0.24,0.13,0.14,0.13
97,0.16,0.01,0.16,0.17,0.01,0.16,0.01,0.01,0.01
98,0.04,0.04,0.05,0.05,0.04,0.05,0.05,0.05,0.04
99,0.2,0.05,0.19,0.1,0.04,0.11,0.03,0.03,0.03
100,0.19,0.02,0.2,0.21,0.01,0.21,0.02,0.01,0.01
101,0.15,0.1,0.16,0.2,0.1,0.19,0.12,0.12,0.1
102,0.15,0.01,0.14,0.16,0.03,0.17,0.03,0.03,0.01
103,0.35,0.01,0.35,0.02,0.02,0.02,0.02,0.02,0.01
104,0.09,0.06,0.1,0.03,0.08,0.03,0.02,0.01,0.01
105,0.22,0.04,0.23,0.25,0.03,0.25,0.05,0.04,0.03
106,0.12,0.12,0.13,0.15,0.12,0.15,0.15,0.14,0.12
107,0.15,0.02,0.16,0.17,0.02,0.18,0.02,0.02,0.02
108,0.28,0.02,0.28,0.1,0.02,0.1,0.02,0.01,0.01
109,0.09,0.12,0.09,0.09,0.11,0.08,0.06,0.06,0.06
110,0.12,0.09,0.12,0.08,0.09,0.08,0.08,0.08,0.08
111,0.22,0.01,0.22,0.26,0.02,0.27,0.02,0.02,0.01
112,0.11,0.57,0.1,0.12,0.57,0.12,0.7,0.68,0.1
113,0.15,0.01,0.16,0.17,0.01,0.17,0.01,0.01,0.01
114,0.19,0.02,0.18,0.24,0.02,0.25,0.03,0.02,0.02
115,0.56,0.57,0.57,0.41,0.57,0.4,0.4,0.4,0.4
116,0.15,0.02,0.15,0.17,0.02,0.17,0.02,0.02,0.02
117,0.7,0.67,0.71,0.31,0.67,0.31,0.45,0.45,0.31
118,0.23,0.13,0.23,0.29,0.13,0.28,0.15,0.16,0.13
119,0.18,0.02,0.19,0.22,0.02,0.22,0.02,0.02,0.02
120,0.27,0.05,0.27,0.06,0.06,0.08,0.04,0.05,0.04
121,0.16,0.01,0.16,0.18,0.02,0.17,0.01,0.01,0.01
122,0.12,0.11,0.12,0.04,0.11,0.05,0.02,0.03,0.02
123,0.71,0.52,0.72,0.66,0.53,0.66,0.15,0.14,0.14
124,0.12,0.28,0.11,0.14,0.28,0.14,0.34,0.35,0.11
125,0.39,0.03,0.38,0.24,0.03,0.25,0.01,0.02,0.01
126,0.77,0.53,0.77,0.51,0.51,0.52,0.45,0.46,0.45
127,0.66,0.56,0.67,0.73,0.56,0.71,0.51,0.52,0.51
128,1.12,0.24,1.11,0.38,0.22,0.37,0.23,0.22,0.22
129,0.36,0.89,0.35,0.43,0.89,0.44,1.1,1.1,0.35
130,0.07,0.07,0.08,0.1,0.07,0.11,0.06,0.06,0.06
131,0.22,0.02,0.23,0.06,0.02,0.05,0.06,0.06,0.02
132,0.22,0.22,0.22,0.27,0.22,0.27,0.27,0.26,0.22
133,0.21,0.03,0.2,0.04,0.04,0.05,0.03,0.03,0.03
134,2.41,0.26,2.39,0.44,0.26,0.43,0.25,0.26,0.25
135,0.92,0.77,0.91,0.87,0.78,0.87,0.69,0.69,0.69
136,0.24,0.02,0.24,0.29,0.02,0.29,0.02,0.01,0.01
137,0.17,0.12,0.17,0.03,0.12,0.03,0.03,0.03,0.03
138,0.24,0.07,0.22,0.11,0.06,0.1,0.04,0.04,0.04
139,0.76,0.72,0.77,0.16,0.71,0.16,0.45,0.45,0.16
140,0.18,0.84,0.18,0.22,0.86,0.22,1.07,1.06,0.18
141,0.44,0.02,0.43,0.1,0.02,0.1,0.02,0.02,0.02
142,0.22,0.11,0.22,0.26,0.11,0.26,0.12,0.12,0.11
143,0.41,0.04,0.41,0.06,0.04,0.07,0.02,0.02,0.02
144,0.39,0.22,0.37,0.29,0.22,0.28,0.2,0.2,0.2
145,0.23,0.18,0.22,0.12,0.18,0.12,0.11,0.12,0.11
146,0.15,0.59,0.16,0.2,0.61,0.19,0.75,0.73,0.15
147,0.36,0.05,0.37,0.03,0.04,0.03,0.06,0.06,0.03
148,0.2,0.15,0.21,0.05,0.14,0.05,0.01,0.01,0.01
149,0.14,0.17,0.15,0.2,0.17,0.21,0.14,0.14,0.14
150,3.91,0.33,3.85,0.61,0.32,0.61,0.33,0.33,0.32
151,0.71,0.19,0.71,0.9,0.19,0.9,0.22,0.22,0.19
152,0.47,0.02,0.47,0.16,0.02,0.17,0.02,0.02,0.02
153,1.03,0.74,1.04,1.07,0.74,1.07,0.77,0.78,0.74
154,0.97,0.85,0.96,0.76,0.86,0.76,0.47,0.47,0.47
155,0.08,0.34,0.08,0.1,0.34,0.09,0.41,0.41,0.08
156,13.41,9.92,13.4,13.36,9.9,13.38,7.53,7.54,7.53
157,0.45,0.05,0.45,0.03,0.05,0.02,0.06,0.06,0.02
158,0.33,1.24,0.33,0.43,1.23,0.43,1.53,1.52,0.33
159,0.63,0.01,0.64,0.21,0.02,0.2,0.01,0.02,0.01
160,0.24,0.21,0.25,0.03,0.21,0.03,0.04,0.02,0.02
161,0.19,0.56,0.19,0.23,0.56,0.23,0.66,0.66,0.19
162,0.93,0.42,0.92,0.77,0.43,0.76,0.42,0.43,0.42
163,0.41,0.07,0.41,0.08,0.07,0.06,0.04,0.04,0.04
164,0.21,1.94,0.2,0.26,1.95,0.26,2.48,2.47,0.2
165,0.61,0.01,0.61,0.08,0.02,0.09,0.02,0.02,0.01
166,0.33,1.54,0.33,0.4,1.56,0.4,2.04,2.02,0.33
167,0.51,0.01,0.51,0.04,0.02,0.03,0.02,0.02,0.01
168,0.37,0.3,0.37,0.47,0.29,0.46,0.37,0.37,0.29
169,0.27,0.25,0.27,0.07,0.25,0.09,0.04,0.03,0.03
170,0.77,0.05,0.77,0.14,0.04,0.13,0.02,0.01,0.01
171,1.92,0.61,1.92,2.47,0.6,2.46,0.76,0.75,0.6
172,0.73,0.38,0.72,0.73,0.39,0.73,0.26,0.26,0.26
173,1.46,0.53,1.45,0.71,0.54,0.71,0.32,0.33,0.32
174,0.66,0.04,0.65,0.05,0.04,0.06,0.04,0.04,0.04
175,1.46,1.17,1.46,1.48,1.17,1.47,1.03,1.04,1.03
176,0.37,0.38,0.38,0.46,0.38,0.46,0.47,0.47,0.37
177,0.76,0.03,0.76,0.33,0.03,0.32,0.01,0.01,0.01
178,0.48,0.22,0.48,0.6,0.22,0.6,0.27,0.26,0.22
179,0.13,0.18,0.14,0.18,0.17,0.17,0.17,0.16,0.13
180,1.91,1.5,1.91,1.75,1.48,1.75,1.39,1.38,1.38
181,0.92,0.08,0.92,0.03,0.08,0.03,0.02,0.02,0.02
182,0.31,0.28,0.31,0.07,0.28,0.08,0.04,0.04,0.04
183,0.65,0.41,0.65,0.84,0.41,0.84,0.51,0.5,0.41
184,0.82,0.09,0.82,0.31,0.08,0.31,0.04,0.04,0.04
185,0.32,0.81,0.33,0.41,0.8,0.4,0.99,0.98,0.32
186,0.73,0.01,0.73,0.24,0.01,0.24,0.02,0.02,0.01
187,0.22,1.09,0.23,0.3,1.09,0.29,1.41,1.41,0.22
188,10.02,0.66,10.06,2.64,0.66,2.65,0.66,0.66,0.66
189,0.93,0.04,0.93,0.09,0.03,0.08,0.09,0.08,0.03
190,0.38,0.24,0.39,0.11,0.24,0.11,0.05,0.04,0.04
191,0.52,1.58,0.52,0.66,1.58,0.67,2.02,2.01,0.52
192,0.41,0.27,0.42,0.57,0.27,0.58,0.3,0.29,0.27
193,0.9,0.04,0.9,0.14,0.04,0.13,0.04,0.03,0.03
194,0.21,2.03,0.21,0.26,2.04,0.26,2.72,2.71,0.21
195,1.58,0.1,1.59,0.02,0.1,0.02,0.04,0.05,0.02
196,1.82,1.43,1.83,2.07,1.44,2.09,1.38,1.38,1.38
197,0.45,0.31,0.44,0.54,0.31,0.55,0.36,0.36,0.31
198,1.39,0.01,1.39,0.09,0.02,0.1,0.0,0.01,0.0
199,6.85,0.98,6.84,1.84,0.99,1.86,0.64,0.64,0.64
200,2.5,0.66,2.48,1.23,0.67,1.23,0.36,0.36,0.36
201,1.09,0.06,1.08,1.18,0.06,1.18,0.06,0.06,0.06
202,0.51,0.27,0.51,0.64,0.26,0.64,0.33,0.33,0.26
203,0.47,0.36,0.47,0.07,0.34,0.07,0.06,0.05,0.05
204,1.02,0.02,1.02,0.16,0.02,0.16,0.01,0.02,0.01
205,0.26,0.25,0.26,0.34,0.24,0.33,0.28,0.29,0.24
206,1.06,0.03,1.07,0.58,0.03,0.58,0.02,0.02,0.02
207,0.63,1.24,0.62,0.81,1.25,0.78,1.64,1.64,0.62
208,0.75,0.07,0.75,0.06,0.07,0.07,0.07,0.07,0.06
209,0.53,0.26,0.52,0.7,0.26,0.7,0.32,0.32,0.26
210,1.22,0.02,1.22,0.15,0.02,0.15,0.02,0.02,0.02
211,0.39,0.46,0.38,0.13,0.47,0.13,0.06,0.06,0.06
212,0.45,0.48,0.45,0.56,0.47,0.55,0.59,0.59,0.45
213,0.8,0.03,0.81,0.46,0.04,0.46,0.04,0.04,0.03
214,0.68,0.42,0.68,0.91,0.43,0.92,0.48,0.47,0.42
215,1.57,0.02,1.58,0.46,0.01,0.46,0.0,0.0,0.0
216,2.51,1.94,2.5,2.39,1.95,2.39,1.76,1.76,1.76
217,2.5,0.61,2.52,3.59,0.61,3.62,0.75,0.75,0.61
218,1.34,0.07,1.33,0.05,0.08,0.06,0.08,0.09,0.05
219,0.56,0.44,0.58,0.13,0.44,0.13,0.05,0.06,0.05
220,3.21,2.25,3.22,2.96,2.24,2.97,2.35,2.34,2.24
221,0.46,1.61,0.44,0.54,1.62,0.56,2.08,2.08,0.44
222,22.77,19.5,22.76,27.16,19.36,27.11,21.86,21.96,19.36
223,97.46,114.75,98.08,97.4,114.57,98.19,115.67,114.5,97.4
224,18.42,53.09,18.28,18.46,53.28,18.38,53.61,53.19,18.28
225,1.47,0.14,1.45,0.4,0.15,0.4,0.08,0.08,0.08
226,2.14,0.91,2.15,0.94,0.92,0.94,0.59,0.58,0.58
227,4.63,1.1,4.65,3.14,1.1,3.11,0.52,0.52,0.52
228,0.43,0.16,0.42,0.54,0.16,0.54,0.19,0.19,0.16
229,1.22,0.11,1.22,0.07,0.11,0.07,0.05,0.05,0.05
230,0.33,1.43,0.34,0.43,1.42,0.43,1.93,1.93,0.33
231,1.76,0.07,1.76,0.05,0.07,0.04,0.02,0.03,0.02
232,0.42,1.49,0.43,0.55,1.49,0.54,2.03,1.99,0.42
233,0.58,0.48,0.58,0.14,0.48,0.15,0.07,0.07,0.07
234,18.9,19.88,18.77,33.27,19.82,33.21,20.83,20.94,18.77
235,0.92,0.06,0.92,0.22,0.05,0.22,0.06,0.05,0.05
236,0.46,0.46,0.46,0.65,0.46,0.64,0.48,0.48,0.46
237,3.89,1.39,3.9,5.44,1.38,5.45,1.88,1.88,1.38
238,1.6,0.1,1.6,0.04,0.1,0.04,0.13,0.13,0.04
239,0.73,3.49,0.74,0.96,3.5,0.96,4.88,4.87,0.73
240,16.24,20.72,16.25,21.16,20.72,21.15,24.02,24.0,16.24
241,1.24,0.06,1.24,0.03,0.05,0.03,0.05,0.05,0.03
242,3.13,2.37,3.14,3.2,2.38,3.21,2.06,2.07,2.06
243,0.43,1.16,0.45,0.55,1.15,0.54,1.55,1.55,0.43
244,0.92,0.72,0.92,1.02,0.72,1.02,0.75,0.75,0.72
245,2.05,0.12,2.06,0.18,0.11,0.18,0.12,0.12,0.11
246,0.68,0.57,0.68,0.19,0.57,0.19,0.06,0.07,0.06
247,22.75,19.5,22.65,36.52,19.46,36.48,24.42,24.41,19.46
248,0.51,0.71,0.5,0.62,0.71,0.62,0.94,0.93,0.5
249,1.97,0.1,1.97,0.03,0.1,0.03,0.08,0.08,0.03
250,3.69,2.35,3.69,2.65,2.32,2.65,1.7,1.7,1.7
251,2.7,2.74,2.7,2.62,2.75,2.6,0.7,0.7,0.7
252,0.39,0.23,0.39,0.48,0.23,0.47,0.27,0.26,0.23
253,2.14,1.36,2.14,2.72,1.36,2.74,1.36,1.37,1.36
254,1.41,0.1,1.4,0.04,0.09,0.03,0.06,0.05,0.03
255,5.27,1.17,5.25,1.15,1.18,1.14,1.7,1.69,1.14
256,3.82,2.85,3.84,4.0,2.83,4.0,2.84,2.84,2.83
257,3.35,1.43,3.31,1.67,1.44,1.67,0.89,0.89,0.89
258,2.33,1.34,2.31,1.11,1.33,1.1,0.68,0.68,0.68
259,1.11,0.69,1.11,1.56,0.69,1.55,0.82,0.82,0.69
260,1.75,0.09,1.76,0.6,0.09,0.6,0.01,0.02,0.01
261,0.73,0.54,0.75,0.12,0.54,0.13,0.01,0.02,0.01
262,1.15,4.03,1.17,1.54,4.04,1.53,5.58,5.62,1.15
263,1.45,0.98,1.44,1.6,0.98,1.6,1.06,1.06,0.98
264,2.14,1.17,2.15,0.95,1.17,0.94,1.23,1.22,0.94
265,4.3,2.67,4.34,1.15,2.67,1.14,0.5,0.5,0.5
266,1.42,0.08,1.43,0.26,0.08,0.26,0.09,0.08,0.08
267,0.77,2.02,0.78,1.02,2.0,1.02,2.76,2.77,0.77
268,1.53,2.7,1.52,1.75,2.71,1.75,0.73,0.73,0.73
269,1.98,0.07,1.97,0.27,0.07,0.27,0.05,0.06,0.05
270,1.63,0.02,1.63,1.78,0.02,1.78,0.01,0.01,0.01
271,0.71,0.49,0.71,0.84,0.49,0.83,0.63,0.63,0.49
272,2.01,1.07,2.01,1.29,1.07,1.28,1.93,1.93,1.07
273,0.66,1.89,0.67,0.82,1.91,0.82,2.62,2.63,0.66
274,2.01,0.03,2.02,0.55,0.02,0.55,0.03,0.02,0.02
275,3.64,2.82,3.66,4.05,2.82,4.05,2.68,2.67,2.67
276,1.13,1.3,1.14,1.49,1.28,1.48,1.72,1.73,1.13
277,0.78,0.84,0.8,0.24,0.85,0.23,0.09,0.1,0.09
278,4.74,3.99,4.73,4.46,3.97,4.47,3.35,3.35,3.35
279,2.19,0.17,2.18,0.15,0.17,0.15,0.06,0.06,0.06
280,44.27,53.43,44.13,38.16,53.28,38.17,30.99,30.96,30.96
281,0.76,0.66,0.75,0.96,0.66,0.98,0.79,0.79,0.66
282,2.78,0.02,2.78,0.44,0.02,0.45,0.01,0.02,0.01
283,0.53,1.07,0.54,0.69,1.07,0.67,1.41,1.4,0.53
284,2.37,1.86,2.34,1.21,1.88,1.21,1.85,1.84,1.21
285,2.98,0.1,2.98,0.26,0.1,0.25,0.06,0.06,0.06
286,10.87,1.72,10.81,5.18,1.71,5.17,1.83,1.82,1.71
287,4.55,3.26,4.54,4.85,3.27,4.84,3.35,3.36,3.26
288,1.31,2.15,1.32,1.84,2.15,1.84,2.93,2.96,1.31
289,6.55,9.11,6.54,3.3,9.03,3.3,4.18,4.19,3.3
290,6.55,2.28,6.57,12.45,2.26,12.52,2.7,2.73,2.26
291,2.68,0.06,2.66,0.14,0.06,0.13,0.05,0.06,0.05
292,0.86,0.64,0.89,0.29,0.64,0.28,0.02,0.02,0.02
293,1.38,1.46,1.38,1.91,1.46,1.91,1.89,1.9,1.38
294,12.22,2.51,12.31,3.55,2.52,3.55,1.55,1.54,1.54
295,5.28,2.26,5.32,2.17,2.25,2.19,1.09,1.1,1.09
296,2.34,0.1,2.33,0.04,0.1,0.02,0.05,0.06,0.02
297,1.42,0.72,1.4,1.62,0.72,1.61,0.83,0.83,0.72
298,1.73,0.82,1.72,1.06,0.83,1.06,1.11,1.1,0.82
299,0.73,0.83,0.72,0.92,0.83,0.93,1.07,1.06,0.72
300,2.59,1.77,2.58,2.61,1.76,2.6,1.33,1.32,1.32
301,5.01,3.71,5.02,5.11,3.72,5.12,3.72,3.73,3.71
302,1.26,0.03,1.27,0.32,0.02,0.32,0.02,0.02,0.02
303,4.96,4.79,4.94,2.07,4.78,2.08,1.04,1.03,1.03
304,2.98,0.85,2.99,3.91,0.87,3.93,1.07,1.07,0.85
305,2.19,0.04,2.18,0.04,0.04,0.05,0.08,0.09,0.04
306,1.07,0.81,1.04,0.27,0.79,0.28,0.16,0.15,0.15
307,4.72,3.43,4.73,4.59,3.43,4.56,2.76,2.75,2.75
308,4.29,3.29,4.3,4.95,3.29,4.95,3.46,3.47,3.29
309,4.69,3.45,4.71,4.79,3.47,4.76,3.27,3.28,3.27
310,4.51,4.04,4.52,5.4,4.04,5.38,3.86,3.86,3.86
311,0.61,4.9,0.61,0.8,4.94,0.8,7.31,7.3,0.61
312,3.84,0.07,3.83,0.22,0.08,0.23,0.02,0.02,0.02
313,2.67,2.27,2.71,3.96,2.28,3.94,2.93,2.94,2.27
314,2.56,0.1,2.54,0.12,0.11,0.12,0.06,0.06,0.06
315,1.26,1.1,1.24,1.3,1.1,1.29,0.76,0.75,0.75
316,43.49,37.29,43.37,35.23,37.22,35.23,44.97,44.99,35.23
317,0.87,0.34,0.89,1.12,0.35,1.13,0.38,0.37,0.34
318,2.73,0.07,2.74,0.66,0.07,0.66,0.03,0.03,0.03
319,45.81,38.18,45.79,57.92,38.0,57.99,27.43,27.5,27.43
320,5.34,4.23,5.32,5.67,4.22,5.66,3.97,3.98,3.97
321,4.54,3.87,4.53,1.1,3.88,1.1,2.72,2.74,1.1
322,1.0,1.33,1.02,1.35,1.32,1.36,1.82,1.82,1.0
323,3.39,1.94,3.41,1.65,1.94,1.65,1.41,1.42,1.41
324,1.13,1.03,1.12,0.19,1.02,0.19,0.11,0.12,0.11
325,2.48,0.02,2.46,2.62,0.02,2.62,0.02,0.02,0.02
326,2.97,0.09,2.96,0.07,0.09,0.08,0.06,0.05,0.05
327,0.96,2.35,0.95,1.2,2.36,1.21,3.34,3.38,0.95
328,1.66,1.51,1.68,2.15,1.52,2.15,1.2,1.2,1.2
329,2.02,0.09,2.02,0.38,0.09,0.38,0.09,0.1,0.09
330,1.44,0.94,1.44,1.07,0.94,1.08,0.91,0.91,0.91
331,1.55,1.45,1.55,1.64,1.45,1.65,1.53,1.53,1.45
332,3.93,0.55,3.95,5.87,0.55,5.88,0.66,0.66,0.55
333,41.04,37.97,40.96,34.8,37.97,34.82,25.32,25.32,25.32
334,2.67,0.05,2.66,0.27,0.05,0.28,0.06,0.05,0.05
335,37.07,3.43,36.72,4.31,3.41,4.3,1.95,1.96,1.95
336,6.56,6.72,6.52,5.83,6.7,5.88,1.7,1.68,1.68
337,5.79,4.63,5.79,6.71,4.61,6.72,4.28,4.29,4.28
338,6.03,4.38,6.0,6.0,4.4,6.0,3.78,3.81,3.78
339,1.86,2.84,1.89,2.67,2.83,2.65,3.87,3.87,1.86
340,4.02,2.69,4.02,2.25,2.68,2.27,1.19,1.19,1.19
341,2.16,0.02,2.15,0.55,0.02,0.55,0.02,0.02,0.02
342,1.32,1.0,1.31,0.31,0.99,0.31,0.05,0.05,0.05
343,46.82,41.13,46.89,52.62,41.15,52.84,54.68,54.73,41.13
344,6.26,4.4,6.25,6.58,4.4,6.58,4.44,4.43,4.4
345,5.35,3.73,5.36,5.29,3.73,5.3,3.64,3.67,3.64
346,0.62,0.55,0.62,0.77,0.55,0.78,0.66,0.65,0.55
347,3.38,0.06,3.36,0.07,0.06,0.07,0.06,0.06,0.06
348,2.44,2.52,2.48,3.54,2.53,3.52,3.7,3.7,2.44
349,3.1,0.14,3.09,0.51,0.14,0.51,0.02,0.02,0.02
350,0.94,2.58,0.93,1.26,2.6,1.26,3.57,3.58,0.93
351,6.78,4.97,6.75,6.67,4.97,6.71,4.71,4.69,4.69
352,2.33,0.17,2.36,0.09,0.17,0.09,0.06,0.06,0.06
353,1.24,1.13,1.24,0.32,1.1,0.31,0.04,0.04,0.04
354,6.13,5.18,6.09,6.93,5.21,6.92,4.84,4.86,4.84
355,4.62,1.65,4.64,6.88,1.64,6.93,2.28,2.28,1.64
356,1.92,0.14,1.91,0.26,0.14,0.26,0.09,0.09,0.09
357,1.23,TO,1.22,1.67,TO,1.67,TO,TO,1.22
358,3.69,0.09,3.68,3.9,0.09,3.89,0.09,0.09,0.09
359,2.62,0.08,2.61,0.14,0.08,0.14,0.08,0.08,0.08
360,1.25,1.24,1.25,1.65,1.24,1.65,1.6,1.6,1.24
361,3.44,1.16,3.43,1.47,1.17,1.46,1.19,1.2,1.16
362,6.69,5.18,6.72,6.73,5.16,6.72,4.89,4.92,4.89
363,6.3,5.6,6.3,6.96,5.6,6.98,4.62,4.61,4.61
364,5.57,2.35,5.56,9.27,2.36,9.29,3.12,3.1,2.35
365,2.74,0.05,2.73,0.32,0.04,0.32,0.05,0.05,0.04
366,0.95,2.37,0.95,1.28,2.39,1.27,3.5,3.48,0.95
367,1.12,1.17,1.12,0.16,1.18,0.16,0.03,0.02,0.02
368,3.88,0.07,3.88,0.39,0.07,0.38,0.07,0.07,0.07
369,49.53,7.28,49.44,9.53,7.25,9.51,3.0,2.98,2.98
370,23.93,8.81,23.91,6.41,8.83,6.37,3.37,3.38,3.37
371,1.77,1.65,1.77,2.51,1.66,2.5,2.23,2.24,1.65
372,5.75,4.29,5.78,6.22,4.3,6.2,3.99,3.98,3.98
373,4.15,0.04,4.13,0.06,0.05,0.05,0.02,0.02,0.02
374,0.78,4.97,0.78,1.01,4.94,1.02,6.68,6.65,0.78
375,7.38,6.15,7.35,7.63,6.15,7.65,5.84,5.86,5.84
376,7.94,6.11,7.93,8.29,6.17,8.28,5.57,5.54,5.54
377,6.93,5.77,6.92,7.55,5.76,7.54,5.44,5.42,5.42
378,3.16,0.03,3.16,0.15,0.03,0.17,0.03,0.03,0.03
379,6.32,5.04,6.3,2.67,5.05,2.68,3.8,3.81,2.67
380,1.26,4.45,1.25,1.75,4.39,1.74,6.63,6.6,1.25
381,2.93,0.05,2.94,0.22,0.06,0.22,0.06,0.05,0.05
382,1.38,1.18,1.39,0.38,1.18,0.38,0.06,0.07,0.06
383,58.77,43.26,58.92,53.17,43.14,53.26,40.57,40.51,40.51
384,2.2,1.56,2.2,2.12,1.57,2.12,2.16,2.17,1.56
385,7.52,5.22,7.55,6.68,5.26,6.65,4.75,4.77,4.75
386,0.75,2.45,0.74,0.94,2.44,0.95,3.66,3.65,0.74
387,3.5,0.08,3.52,0.2,0.08,0.2,0.09,0.09,0.08
388,1.64,2.12,1.64,3.36,2.11,3.37,2.25,2.26,1.64
389,2.0,4.23,2.02,3.01,4.21,3.0,6.51,6.53,2.0
390,4.53,0.06,4.57,0.25,0.06,0.25,0.06,0.06,0.06
391,7.69,6.41,7.71,8.21,6.38,8.19,5.57,5.59,5.57
392,TO,1052.83,TO,659.81,1041.32,661.71,644.4,642.59,642.59
393,0.84,2.58,0.84,1.03,2.58,1.04,3.62,3.64,0.84
394,3.6,0.16,3.59,0.05,0.16,0.05,0.1,0.1,0.05
395,1.44,1.09,1.47,0.48,1.09,0.48,0.12,0.12,0.12
396,1.39,11.5,1.38,1.92,11.42,1.9,17.32,17.33,1.38
397,8.2,6.61,8.16,8.53,6.58,8.54,5.99,5.99,5.99
398,2.57,0.09,2.6,0.11,0.1,0.11,0.09,0.1,0.09
399,2.68,1.41,2.7,3.84,1.42,3.86,1.83,1.85,1.41
400,6.15,4.79,6.13,7.55,4.79,7.52,5.44,5.45,4.79
401,7.51,5.78,7.47,8.03,5.76,8.0,5.1,5.13,5.1
402,4.0,2.63,4.01,4.46,2.63,4.49,2.61,2.61,2.61
403,13.78,8.09,13.78,2.27,8.11,2.29,8.09,8.07,2.27
404,4.23,0.12,4.21,0.09,0.12,0.1,0.14,0.14,0.09
405,12.5,9.99,12.48,3.5,10.02,3.49,0.93,0.93,0.93
406,28.03,7.14,27.91,14.97,7.12,14.93,3.7,3.69,3.69
407,28.79,6.13,28.83,18.03,6.13,18.13,4.13,4.13,4.13
408,1.88,0.66,1.89,2.67,0.65,2.67,0.77,0.77,0.65
409,0.84,0.58,0.84,0.82,0.57,0.81,0.58,0.58,0.57
410,5.28,0.13,5.27,0.18,0.13,0.17,0.13,0.14,0.13
411,1.15,6.21,1.17,1.6,6.2,1.61,9.96,9.97,1.15
412,6.32,3.56,6.28,6.39,3.58,6.38,3.17,3.18,3.17
413,1.84,1.48,1.84,0.45,1.46,0.45,0.1,0.11,0.1
414,8.39,6.64,8.39,8.59,6.68,8.55,6.53,6.54,6.53
415,4.08,0.08,4.11,0.58,0.08,0.57,0.08,0.08,0.08
416,4.56,3.04,4.56,4.45,3.05,4.48,3.05,3.04,3.04
417,3.0,9.13,2.99,4.37,9.16,4.39,14.4,14.44,2.99
418,2.91,4.23,2.89,6.51,4.22,6.53,3.32,3.3,2.89
419,195.23,116.01,195.31,340.32,117.01,344.22,124.14,124.76,116.01
420,4.2,0.08,4.2,0.7,0.08,0.7,0.06,0.07,0.06
421,3.88,2.04,3.93,4.06,2.04,4.09,2.09,2.09,2.04
422,15.37,3.95,15.33,18.71,3.95,18.66,3.14,3.13,3.13
423,1.91,1.57,1.92,2.76,1.57,2.76,2.24,2.24,1.57
424,45.61,22.85,45.61,26.58,22.8,26.69,12.09,12.11,12.09
425,447.74,217.04,451.21,284.15,220.86,285.67,404.42,406.92,217.04
426,75.78,66.42,75.44,79.85,66.4,79.97,90.13,90.13,66.4
427,1.14,0.66,1.14,1.47,0.66,1.47,0.83,0.83,0.66
428,3.63,0.07,3.61,3.79,0.07,3.8,0.07,0.07,0.07
429,49.24,3.24,49.47,15.65,3.25,15.66,6.06,6.01,3.24
430,1.94,1.4,1.94,0.49,1.41,0.48,0.2,0.21,0.2
431,81.83,72.58,81.84,112.71,72.58,112.69,100.62,100.41,72.58
432,80.94,61.2,80.83,88.22,60.93,88.15,88.03,88.03,60.93
433,11.28,3.9,11.31,12.29,3.86,12.32,2.22,2.23,2.22
434,1.1,3.89,1.1,1.4,3.87,1.41,5.53,5.51,1.1
435,213.43,191.16,212.99,297.58,191.4,299.52,127.1,127.13,127.1
436,7.12,1.66,7.12,1.38,1.65,1.37,1.79,1.79,1.37
437,10.8,8.01,10.81,9.9,8.04,9.9,7.48,7.47,7.47
438,1.27,4.96,1.26,1.74,4.94,1.73,7.04,7.01,1.26
439,9.05,6.02,9.06,8.47,5.99,8.5,5.71,5.69,5.69
440,1.86,1.87,1.88,2.7,1.87,2.71,1.93,1.93,1.86
441,139.31,136.47,139.34,136.07,136.61,136.89,102.29,102.3,102.29
442,69.53,67.07,69.79,89.88,67.32,90.34,81.7,81.57,67.07
443,9.92,8.12,9.88,10.01,8.01,9.93,6.57,6.6,6.57
444,8.64,7.04,8.61,5.28,6.99,5.26,3.93,3.91,3.91
445,1.08,2.32,1.09,1.39,2.32,1.38,3.06,3.06,1.08
446,13.57,4.0,13.44,22.07,3.97,22.07,3.85,3.88,3.85
447,114.26,111.95,114.05,92.22,111.8,91.96,65.72,65.78,65.72
448,174.57,100.92,174.15,225.22,100.83,223.11,69.85,69.91,69.85
449,1.07,1.74,1.08,0.34,1.72,0.35,0.18,0.18,0.18
450,1.9,11.73,1.9,2.6,11.72,2.58,18.1,18.04,1.9
451,98.71,10.61,98.33,14.4,10.55,14.42,5.21,5.2,5.2
452,346.9,9.84,346.83,71.09,9.88,70.75,5.32,5.33,5.32
453,8.94,6.9,8.95,9.06,6.87,8.9,6.38,6.39,6.38
454,5.48,0.03,5.49,0.23,0.03,0.24,0.02,0.03,0.02
455,1.42,3.0,1.42,1.86,3.01,1.85,4.5,4.5,1.42
456,40.15,4.39,39.98,19.29,4.38,19.18,3.16,3.15,3.15
457,13.89,7.41,13.92,5.37,7.36,5.36,0.79,0.79,0.79
458,3.39,4.35,3.4,5.09,4.36,5.09,6.83,6.81,3.39
459,97.03,51.85,96.91,77.24,51.96,77.07,63.28,63.25,51.85
460,10.33,12.52,10.36,4.22,12.46,4.21,5.23,5.1,4.21
461,1.58,102.81,1.58,2.15,102.36,2.12,170.96,170.61,1.58
462,2.23,1.97,2.23,0.45,1.98,0.45,0.23,0.24,0.23
463,10.32,8.4,10.34,11.74,8.44,11.64,7.53,7.57,7.53
464,1.42,1.65,1.42,1.85,1.65,1.85,2.4,2.4,1.42
465,11.27,1.87,11.31,18.32,1.88,18.28,2.48,2.48,1.87
466,8.36,6.97,8.35,9.14,7.02,9.08,6.55,6.54,6.54
467,9.95,8.43,9.92,10.6,8.45,10.64,8.07,8.09,8.07
468,1.37,1.47,1.35,1.79,1.48,1.79,2.09,2.08,1.35
469,2.0,1.81,2.0,0.5,1.8,0.5,0.26,0.27,0.26
470,333.66,128.69,334.94,26.54,128.41,26.59,4.5,4.48,4.48
471,80.36,68.21,80.35,112.07,68.24,111.69,87.93,87.77,68.21
472,2.69,10.96,2.69,3.87,10.87,3.85,17.28,17.3,2.69
473,1.21,0.72,1.23,1.05,0.72,1.05,0.73,0.72,0.72
474,5.56,0.09,5.6,5.85,0.08,5.85,0.09,0.09,0.08
475,11.9,8.18,11.85,11.78,8.14,11.78,8.22,8.23,8.14
476,454.64,210.52,459.21,287.17,210.25,285.94,241.69,238.91,210.25
477,4.13,0.1,4.15,0.33,0.1,0.33,0.08,0.09,0.08
478,2.02,7.04,2.03,2.88,6.99,2.86,10.89,10.89,2.02
479,TO,TO,TO,TO,TO,TO,TO,TO,TO
480,11.72,7.06,11.78,8.84,7.03,8.82,4.39,4.36,4.36
481,10.59,10.06,10.6,3.19,10.12,3.18,3.34,3.33,3.18
482,12.9,8.68,12.94,9.6,8.75,9.55,2.5,2.5,2.5
483,151.07,14.52,150.71,222.45,14.48,222.04,5.89,5.84,5.84
484,660.74,20.4,662.47,55.19,20.43,55.14,6.7,6.71,6.7
485,271.81,177.81,273.15,246.4,177.88,247.35,153.58,154.31,153.58
486,1.39,1.3,1.39,1.96,1.29,1.97,1.65,1.65,1.29
487,12.16,8.79,12.22,12.02,8.81,11.98,8.72,8.72,8.72
488,2.0,2.16,2.01,0.66,2.16,0.65,0.23,0.23,0.23
489,0.95,2.12,0.95,1.17,2.12,1.19,2.76,2.76,0.95
490,109.64,89.97,109.32,153.01,90.04,152.41,93.01,92.79,89.97
491,1.27,1.72,1.27,1.72,1.72,1.73,2.14,2.14,1.27
492,4.62,0.02,4.63,4.88,0.02,4.9,0.02,0.02,0.02
493,45.34,31.01,45.4,27.92,31.04,27.98,20.03,19.9,19.9
494,1.73,1.94,1.74,2.36,1.93,2.36,2.69,2.69,1.73
495,10.23,7.59,10.25,11.42,7.55,11.39,6.97,6.91,6.91
496,1.66,4.82,1.68,2.19,4.79,2.16,7.41,7.41,1.66
497,2.18,2.2,2.17,0.68,2.22,0.66,0.26,0.26,0.26
498,15.4,4.03,15.28,9.43,4.05,9.48,5.01,5.04,4.03
499,4.34,2.71,4.32,4.71,2.71,4.73,3.18,3.2,2.71
500,12.98,11.36,12.99,4.43,11.36,4.42,1.68,1.68,1.68
501,11.72,1.71,11.72,18.89,1.71,18.91,2.06,2.06,1.71
502,4.82,0.09,4.81,5.11,0.09,5.12,0.09,0.09,0.09
503,10.99,10.06,10.93,3.51,10.04,3.51,5.78,5.76,3.51
504,3.95,12.8,3.94,6.18,12.78,6.15,18.98,19.01,3.94
505,94.98,78.36,95.07,146.7,78.23,146.32,136.15,135.84,78.23
506,4.05,15.31,4.04,6.16,15.33,6.16,25.69,25.66,4.04
507,1.85,2.39,1.85,0.63,2.39,0.62,0.19,0.19,0.19
508,125.98,329.33,125.74,36.01,330.4,36.06,6.96,6.94,6.94
509,170.01,28.16,169.52,42.18,28.21,42.17,6.65,6.59,6.59
510,9.64,14.11,9.65,1.85,14.11,1.84,2.43,2.42,1.84
511,1.94,1.27,1.93,2.56,1.28,2.57,1.61,1.61,1.27
512,15.29,10.36,15.2,13.35,10.39,13.33,10.15,10.2,10.15
513,7.1,3.24,7.16,6.62,3.27,6.45,3.93,3.91,3.24
514,1.95,2.22,1.96,2.82,2.21,2.8,2.74,2.73,1.95
515,2.19,8.4,2.19,3.1,8.39,3.09,13.1,13.1,2.19
516,11.97,7.92,11.94,11.49,7.93,11.41,7.98,7.98,7.92
517,8.7,0.09,8.68,9.04,0.08,9.0,0.08,0.07,0.07
518,8.07,0.15,8.05,0.08,0.14,0.07,0.05,0.05,0.05
519,72.51,5.16,72.34,20.94,5.12,21.02,6.76,6.76,5.12
520,14.65,10.93,14.66,15.33,10.89,15.25,10.2,10.28,10.2
521,3.18,2.4,3.19,0.77,2.38,0.76,0.13,0.14,0.13
522,2.27,13.88,2.26,3.24,13.91,3.23,22.47,22.54,2.26
523,97.68,120.73,97.6,127.5,120.69,126.97,134.72,134.92,97.6
524,3.67,1.74,3.68,5.92,1.74,5.93,2.23,2.22,1.74
525,17.04,18.67,17.01,22.7,18.58,22.56,11.82,11.78,11.78
526,3.93,5.79,3.92,5.75,5.78,5.76,8.28,8.27,3.92
527,113.27,154.43,112.98,129.22,154.74,129.38,186.01,186.18,112.98
528,9.87,12.95,9.89,4.26,12.86,4.24,6.41,6.4,4.24
529,4.55,2.79,4.54,7.28,2.78,7.29,3.86,3.85,2.78
530,2.81,3.14,2.83,0.84,3.15,0.85,0.17,0.17,0.17
531,16.29,13.9,16.28,2.74,13.84,2.76,5.15,5.15,2.74
532,2.75,3.94,2.75,3.96,3.93,3.99,5.24,5.23,2.75
533,20.06,11.99,20.14,15.51,12.05,15.39,11.05,11.02,11.02
534,5.14,2.89,5.11,4.96,2.92,4.94,3.55,3.53,2.89
535,12.16,11.01,12.07,6.81,11.04,6.81,13.92,13.86,6.81
536,511.91,26.4,511.34,38.85,26.26,38.9,9.42,9.33,9.33
537,207.77,14.77,208.69,126.86,14.83,128.39,10.48,10.47,10.47
538,11.85,9.44,11.82,19.44,9.43,19.39,14.93,14.97,9.43
539,5.13,3.58,5.12,4.46,3.62,4.46,3.11,3.09,3.09
540,127.53,112.66,126.84,158.55,112.71,158.85,151.71,151.93,112.66
541,111.93,115.15,112.39,189.32,114.92,189.49,85.43,85.48,85.43
542,1.86,24.43,1.86,2.49,24.44,2.48,40.73,40.56,1.86
543,11.75,9.2,11.7,12.01,9.16,12.0,9.19,9.21,9.16
544,19.01,11.88,19.14,7.18,11.84,7.2,4.4,4.4,4.4
545,1340.53,TO,1331.63,242.48,TO,243.84,368.34,369.68,242.48
546,3.18,2.7,3.15,0.8,2.71,0.82,0.12,0.12,0.12
547,2.87,6.1,2.86,4.28,6.09,4.27,9.25,9.22,2.86
548,16.94,18.07,16.94,9.08,18.02,9.07,8.39,8.37,8.37
549,1.76,1.26,1.76,1.62,1.26,1.61,1.16,1.16,1.16
550,8.6,4.03,8.67,4.86,4.05,4.85,2.99,2.99,2.99
551,92.81,85.22,92.74,143.53,84.73,143.4,128.28,128.6,84.73
552,3.09,4.88,3.08,4.5,4.88,4.51,7.41,7.41,3.08
553,568.59,436.52,569.11,591.88,443.6,587.6,464.36,461.78,436.52
554,126.67,99.71,126.26,159.01,99.73,158.84,175.57,174.52,99.71
555,17.57,7.72,17.47,37.03,7.74,37.26,12.04,11.97,7.72
556,9.6,0.11,9.68,0.15,0.12,0.15,0.04,0.04,0.04
557,2.69,4.24,2.68,3.78,4.25,3.78,6.41,6.41,2.68
558,3.39,2.99,3.37,0.82,3.0,0.81,0.13,0.13,0.13
559,2.07,7.37,2.07,2.79,7.37,2.81,10.2,10.21,2.07
560,1458.62,1303.05,1459.71,1032.26,1305.86,1032.26,1352.38,1362.03,1032.26
561,1406.8,1127.89,1409.13,1058.81,1130.66,1057.63,988.03,987.4,987.4
562,1312.28,1408.88,1315.98,1343.6,1418.01,1349.24,1166.51,1168.58,1166.51
563,16.62,13.82,16.51,16.89,13.79,16.93,13.97,14.01,13.79
564,681.58,TO,681.66,219.11,TO,219.63,210.61,209.0,209.0
565,145.2,209.36,144.88,203.86,208.65,203.59,175.03,175.22,144.88
566,TO,TO,TO,TO,TO,TO,TO,1799.3,1799.3
567,16.93,12.47,16.79,16.51,12.51,16.6,11.76,11.71,11.71
568,5.23,4.24,5.23,8.27,4.25,8.22,6.34,6.34,4.24
569,14.24,12.54,14.26,10.56,12.48,10.58,2.47,2.46,2.46
570,TO,45.84,TO,TO,46.08,TO,58.75,58.17,45.84
571,165.21,144.6,165.4,130.02,144.2,130.49,103.37,103.08,103.08
572,2.2,4.16,2.22,3.04,4.15,3.03,5.99,5.99,2.2
573,467.3,344.96,468.07,271.1,347.49,271.01,237.71,235.0,235.0
574,17.21,10.18,17.1,12.7,10.14,12.68,11.56,11.55,10.14
575,TO,TO,TO,710.74,TO,711.78,486.83,485.89,485.89
576,1.91,3.5,1.9,2.7,3.49,2.68,4.84,4.84,1.9
577,2.63,3.2,2.65,0.34,3.22,0.34,0.27,0.26,0.26
578,TO,90.09,TO,55.6,89.81,55.47,8.52,8.44,8.44
579,TO,81.05,TO,150.08,80.76,149.91,18.93,19.05,18.93
580,12.86,9.75,12.84,14.69,9.71,14.62,8.5,8.53,8.5
581,14.45,0.01,14.43,14.96,0.03,15.01,0.02,0.03,0.01
582,10.61,1.31,10.57,17.45,1.31,17.44,1.54,1.55,1.31
583,19.54,9.74,19.55,3.26,9.67,3.26,3.04,3.02,3.02
584,1482.75,1260.42,1485.34,979.92,1274.28,979.73,835.11,839.99,835.11
585,1655.71,1498.47,1659.77,911.29,1494.76,911.75,1048.83,1047.51,911.29
586,19.0,9.62,18.98,33.21,9.59,33.2,16.26,16.21,9.59
587,205.58,176.97,203.8,160.27,176.26,159.56,166.26,165.76,159.56
588,693.05,281.36,687.74,685.46,279.09,688.79,281.64,281.73,279.09
589,64.99,34.98,65.15,38.21,34.8,38.23,20.95,20.91,20.91
590,23.41,21.47,23.43,19.28,21.38,19.37,10.4,10.34,10.34
591,20.02,18.63,20.03,11.97,18.74,11.95,11.02,11.01,11.01
592,2.61,1.9,2.61,1.82,1.9,1.82,1.53,1.51,1.51
593,57.58,7.99,57.43,22.9,7.98,22.83,6.88,6.88,6.88
594,1.43,7.82,1.42,1.74,7.78,1.75,11.38,11.37,1.42
595,TO,TO,TO,TO,TO,TO,1456.47,1460.08,1456.47
596,15.82,14.59,15.84,8.82,14.68,8.84,2.82,2.83,2.82
597,4.59,3.34,4.59,0.54,3.33,0.54,0.09,0.08,0.08
598,TO,139.37,TO,TO,138.74,TO,51.27,51.09,51.09
599,15.31,8.84,15.34,19.08,8.84,18.92,11.47,11.44,8.84
600,2.44,2.89,2.45,3.4,2.88,3.38,4.31,4.32,2.44
601,82.63,5.98,82.89,54.44,6.0,54.46,9.68,9.77,5.98
602,7.39,0.03,7.39,0.08,0.03,0.08,0.03,0.03,0.03
603,140.95,143.22,140.61,206.55,141.74,206.6,219.96,220.05,140.61
604,229.18,175.22,229.08,155.31,175.51,155.8,135.68,135.22,135.22
605,2.14,3.98,2.13,2.91,3.96,2.94,5.98,6.0,2.13
606,37.52,16.15,37.64,63.92,16.08,63.89,12.86,12.89,12.86
607,6.48,3.69,6.51,5.47,3.69,5.45,2.63,2.6,2.6
608,14.77,12.83,14.75,13.34,12.78,13.36,9.24,9.26,9.24
609,349.4,138.1,351.17,366.52,139.29,368.62,205.06,204.2,138.1
610,318.05,144.3,319.9,193.45,144.37,194.25,84.72,84.5,84.5
611,14.63,11.43,14.7,9.59,11.4,9.62,6.44,6.42,6.42
612,1467.17,1640.85,1468.46,1314.72,1620.99,1317.08,1114.38,1118.28,1114.38
613,1511.04,1522.95,1512.3,1770.53,1525.6,1771.02,1230.92,1235.1,1230.92
614,1637.3,1281.99,1649.73,1254.15,1283.7,1252.86,884.52,885.96,884.52
615,1615.71,1434.5,1613.82,1472.16,1430.11,1464.16,1071.8,1071.36,1071.36
616,172.05,208.86,173.99,580.52,209.88,576.9,198.77,199.82,172.05
617,1.8,7.87,1.82,2.33,7.92,2.33,11.92,11.9,1.8
618,8.55,5.34,8.54,7.64,5.37,7.65,3.93,3.94,3.93
619,8.66,0.09,8.65,9.15,0.09,9.12,0.09,0.1,0.09
620,4.36,2.65,4.36,0.9,2.65,0.9,0.34,0.36,0.34
621,1.75,1.48,1.74,2.34,1.47,2.33,1.99,1.99,1.47
622,136.96,105.15,136.72,86.13,104.38,85.91,163.4,163.88,85.91
623,19.71,15.47,19.66,19.36,15.74,19.44,13.91,13.82,13.82
624,530.21,TO,532.2,212.62,TO,212.71,79.35,79.46,79.35
625,13.77,11.16,13.8,13.91,11.2,13.92,10.51,10.49,10.49
626,1755.0,TO,1755.27,283.01,TO,283.02,268.51,269.68,268.51
627,5.12,24.62,5.08,7.53,24.56,7.51,40.31,40.3,5.08
628,988.4,434.07,983.28,89.25,432.16,89.65,8.93,9.0,8.93
629,TO,191.57,TO,67.74,191.2,67.9,9.59,9.55,9.55
630,10.76,0.08,10.81,11.17,0.09,11.18,0.09,0.08,0.08
631,3.09,2.92,3.08,4.82,2.93,4.81,4.17,4.17,2.92
632,10.52,7.57,10.62,9.61,7.58,9.66,9.12,9.13,7.57
633,854.33,634.04,855.62,23.21,630.51,23.28,27.83,27.83,23.21
634,16.75,15.83,16.77,11.37,15.78,11.37,5.45,5.47,5.45
635,TO,1567.94,TO,1772.55,1569.91,1777.21,1340.73,1336.8,1336.8
636,4.45,9.38,4.44,6.67,9.41,6.65,15.94,15.92,4.44
637,3.61,5.44,3.65,0.85,5.41,0.84,0.39,0.39,0.39
638,17.63,12.55,17.66,7.43,12.45,7.44,7.47,7.47,7.43
639,24.99,3.86,24.98,42.76,3.86,42.77,5.78,5.78,3.86
640,22.57,16.03,22.58,21.98,15.99,21.98,15.09,15.09,15.09
641,161.6,167.35,161.64,223.52,167.77,224.48,242.45,242.23,161.6
642,523.46,508.11,525.14,32.83,507.95,32.72,31.36,31.45,31.36
643,2.74,16.81,2.75,4.02,16.82,4.03,28.63,28.61,2.74
644,182.76,157.25,182.64,216.66,157.68,216.13,265.76,266.9,157.25
645,151.98,124.08,152.09,251.57,123.62,252.1,199.02,198.78,123.62
646,176.58,168.01,176.56,203.12,168.07,202.91,214.04,215.41,168.01
647,487.98,283.72,486.31,356.49,282.31,354.6,353.38,351.46,282.31
648,TO,TO,TO,938.96,TO,945.06,380.0,378.74,378.74
649,7.47,0.04,7.41,7.87,0.04,7.91,0.04,0.03,0.03
650,4.25,4.01,4.23,0.51,4.0,0.5,0.32,0.31,0.31
651,TO,TO,TO,TO,TO,TO,TO,TO,TO
652,10.5,0.08,10.49,10.95,0.08,10.99,0.08,0.08,0.08
653,TO,1638.7,TO,1516.32,1636.02,1521.62,1114.88,1115.62,1114.88
654,TO,TO,TO,1771.27,TO,1757.06,1584.15,1581.53,1581.53
655,917.69,TO,923.64,936.41,TO,934.83,921.95,920.58,917.69
656,15.71,12.12,15.82,16.66,12.04,16.69,12.26,12.19,12.04
657,5.39,4.89,5.38,5.11,4.88,5.09,3.86,3.86,3.86
658,198.83,132.04,197.01,241.21,131.33,241.11,297.5,296.93,131.33
659,184.41,162.74,183.42,269.43,161.84,269.38,206.55,206.45,161.84
660,162.91,136.72,161.96,173.29,136.49,173.55,174.62,173.86,136.49
661,10.33,0.08,10.3,10.82,0.08,10.9,0.09,0.09,0.08
662,56.22,30.09,56.1,25.83,29.97,25.58,15.37,15.43,15.37
663,800.2,310.5,799.71,451.91,309.08,452.73,12.25,12.36,12.25
664,580.57,100.56,580.65,248.55,100.68,248.84,17.3,17.3,17.3
665,6.31,4.12,6.3,1.21,4.1,1.22,0.49,0.5,0.49
666,516.78,14.45,515.74,26.31,14.45,26.33,17.44,17.38,14.45
667,22.91,23.27,23.1,4.25,23.37,4.24,4.94,4.93,4.24
668,TO,TO,TO,TO,TO,TO,TO,TO,TO
669,20.07,14.17,20.21,18.99,14.16,19.11,14.6,14.66,14.16
670,TO,1739.34,TO,1272.77,1745.75,1267.99,1477.99,1469.46,1267.99
671,33.28,20.59,33.4,26.21,20.54,26.29,15.16,15.18,15.16
672,23.27,17.37,23.21,16.36,17.25,16.38,6.69,6.72,6.69
673,22.51,13.79,22.61,9.72,13.77,9.7,4.84,4.83,4.83
674,3.24,4.29,3.2,1.32,4.32,1.33,0.33,0.34,0.33
675,20.4,16.3,20.49,21.82,16.05,21.8,15.67,15.67,15.67
676,29.72,20.9,29.62,8.58,21.01,8.64,5.94,5.94,5.94
677,TO,TO,TO,TO,TO,TO,TO,TO,TO
678,TO,TO,TO,TO,TO,TO,TO,TO,TO
679,341.87,233.47,343.68,253.38,232.97,250.69,122.49,122.03,122.03
680,15.91,12.98,15.85,18.14,13.06,18.04,13.57,13.49,12.98
681,728.97,TO,726.24,473.64,TO,477.32,188.21,187.42,187.42
682,30.05,17.12,29.99,12.94,17.04,12.95,2.23,2.24,2.23
683,5.7,6.31,5.73,6.06,6.37,6.01,4.55,4.53,4.53
684,TO,TO,TO,TO,TO,TO,1508.1,1507.88,1507.88
685,5.88,5.2,5.87,1.68,5.21,1.69,0.32,0.32,0.32
686,17.4,16.14,17.4,4.64,16.23,4.65,3.06,3.09,3.06
687,249.9,87.55,248.96,197.71,87.36,197.22,82.63,83.77,82.63
688,24.12,19.48,24.3,26.71,18.93,26.75,18.66,18.56,18.56
689,22.49,19.13,22.64,24.45,18.81,24.48,18.65,18.56,18.56
690,22.97,20.66,22.97,7.63,20.57,7.66,6.6,6.56,6.56
691,24.54,20.12,24.57,8.3,20.01,8.28,25.39,25.91,8.28
692,1451.12,712.96,1437.77,264.03,709.52,265.0,14.84,14.72,14.72
693,TO,883.87,TO,437.4,880.16,434.52,15.73,15.62,15.62
694,93.43,110.25,93.18,21.65,109.77,21.76,6.52,6.54,6.52
695,208.19,201.41,207.8,258.62,200.85,258.7,299.02,298.42,200.85
696,7.43,1.77,7.48,4.45,1.77,4.43,1.32,1.31,1.31
697,23.88,16.33,24.01,24.04,16.2,23.97,16.84,16.7,16.2
698,23.32,17.85,23.37,23.89,17.83,23.91,16.28,16.25,16.25
699,463.5,343.66,459.61,216.8,344.19,216.5,103.48,103.3,103.3
700,5.22,6.7,5.22,0.46,6.71,0.48,0.08,0.08,0.08
701,TO,39.13,TO,TO,39.22,TO,17.63,17.71,17.63
702,23.05,18.24,23.11,5.26,18.15,5.23,8.6,8.58,5.23
703,24.71,22.33,24.5,24.12,22.09,24.04,20.52,20.48,20.48
704,24.03,19.3,23.85,26.71,19.19,26.63,19.9,19.82,19.19
705,1124.06,TO,1135.27,133.08,TO,134.02,74.26,73.97,73.97
706,TO,TO,TO,TO,TO,TO,1007.39,999.15,999.15
707,13.71,0.13,13.64,14.21,0.13,14.25,0.13,0.13,0.13
708,17.96,16.51,17.83,19.46,16.56,19.44,15.03,14.94,14.94
709,11.58,4.86,11.54,11.5,4.86,11.49,4.26,4.27,4.26
710,TO,TO,TO,TO,TO,TO,TO,TO,TO
711,6.04,4.84,6.05,1.17,4.84,1.17,0.49,0.49,0.49
712,39.76,21.41,39.65,41.54,21.66,41.51,14.02,14.05,14.02
713,138.34,187.46,137.52,344.72,186.12,344.55,236.04,236.05,137.52
714,21.49,16.41,21.53,26.3,16.33,26.15,17.36,17.4,16.33
715,TO,TO,TO,888.98,TO,881.3,1262.27,1260.48,881.3
716,25.52,17.97,25.4,9.27,17.96,9.27,18.23,18.11,9.27
717,TO,TO,TO,TO,TO,TO,TO,TO,TO
718,363.63,539.19,362.83,10.68,536.99,10.61,5.34,5.31,5.31
719,279.2,194.88,277.4,272.18,194.72,270.52,329.5,328.76,194.72
720,236.11,197.58,235.65,310.57,197.27,311.4,250.11,249.29,197.27
721,25.26,15.0,25.27,9.6,14.97,9.6,12.06,12.03,9.6
722,TO,110.49,TO,111.23,110.95,111.27,21.99,22.09,21.99
723,28.75,21.01,28.61,28.26,20.97,28.38,19.28,19.36,19.28
724,64.63,49.54,64.63,74.81,49.31,74.25,49.91,50.36,49.31
725,TO,TO,TO,TO,TO,TO,TO,TO,TO
726,TO,TO,TO,238.14,TO,238.32,25.74,25.58,25.58
727,TO,462.01,TO,220.62,462.21,218.47,20.09,20.21,20.09
728,15.36,0.04,15.53,15.96,0.04,15.94,0.04,0.05,0.04
729,5.55,5.02,5.61,1.23,5.0,1.27,0.2,0.2,0.2
730,5.94,4.7,5.95,7.31,4.71,7.31,4.96,4.96,4.7
731,1545.7,TO,1554.9,483.44,TO,483.01,33.15,33.16,33.15
732,203.55,245.99,203.94,290.1,246.89,289.61,287.81,287.54,203.55
733,20.21,16.04,20.2,20.09,16.02,19.91,13.78,13.75,13.75
734,TO,TO,TO,577.47,TO,570.36,TO,TO,570.36
735,25.06,18.56,24.77,26.82,18.56,26.71,18.78,18.74,18.56
736,13.7,13.28,13.61,22.42,13.31,22.38,15.72,15.71,13.28
737,23.46,24.59,23.52,8.39,24.54,8.39,13.88,13.87,8.39
738,63.15,42.24,63.77,60.26,42.46,60.82,159.02,158.71,42.24
739,8.4,7.49,8.45,0.87,7.41,0.88,0.37,0.37,0.37
740,1514.71,TO,1522.64,389.82,TO,387.97,428.29,429.42,387.97
741,1456.39,216.69,1454.15,183.87,217.45,183.58,14.25,14.26,14.25
742,213.47,740.17,213.16,29.23,743.0,29.13,19.34,19.44,19.34
743,351.26,345.86,349.58,244.18,343.82,242.41,214.59,213.52,213.52
744,TO,TO,TO,TO,TO,TO,TO,TO,TO
745,27.79,22.13,27.75,30.25,22.67,30.21,22.85,22.75,22.13
746,TO,TO,TO,TO,TO,TO,TO,TO,TO
747,13.17,0.1,13.19,0.24,0.1,0.25,0.09,0.1,0.09
748,25.25,20.73,25.3,27.88,20.92,27.85,19.74,19.69,19.69
749,4.86,8.03,4.86,0.79,8.04,0.79,0.55,0.56,0.55
750,27.05,20.19,26.99,28.93,20.35,28.89,21.24,21.21,20.19
751,239.45,234.86,240.07,355.92,235.46,354.33,345.15,345.02,234.86
752,1172.34,442.36,1171.25,917.3,440.43,920.44,399.06,393.64,393.64
753,TO,TO,TO,1189.66,TO,1185.81,896.96,896.07,896.07
754,TO,TO,TO,114.24,1454.09,114.01,40.75,40.68,40.68
755,TO,623.82,TO,1269.9,620.93,1273.84,23.28,23.32,23.28
756,TO,42.58,TO,TO,42.63,TO,20.94,20.9,20.9
757,21.06,16.2,21.08,22.94,16.27,22.79,13.87,13.94,13.87
758,35.93,26.15,35.56,10.48,26.13,10.45,29.74,29.59,10.45
759,26.61,20.08,26.5,4.51,20.1,4.53,4.94,4.94,4.51
760,15.54,0.03,15.51,16.16,0.04,16.09,0.04,0.04,0.03
761,TO,TO,TO,TO,TO,TO,TO,TO,TO
762,240.86,272.5,240.01,372.2,274.38,372.89,410.2,407.97,240.01
763,661.75,54.45,656.79,131.75,54.33,132.51,20.56,20.54,20.54
764,TO,TO,TO,TO,TO,TO,393.26,393.1,393.1
765,TO,613.5,TO,TO,611.49,TO,239.94,240.21,239.94
766,TO,TO,TO,1102.29,TO,1100.38,703.12,706.59,703.12
767,TO,20.42,TO,TO,20.45,TO,52.84,53.31,20.42
768,TO,94.11,TO,TO,93.21,TO,43.14,42.95,42.95
769,730.52,481.19,728.67,23.13,481.24,23.22,13.1,13.14,13.1
770,8.11,8.7,8.12,20.96,8.76,21.08,9.92,9.93,8.11
771,TO,491.65,TO,TO,493.28,TO,99.13,99.49,99.13
772,TO,TO,TO,528.73,TO,527.9,430.19,425.1,425.1
773,950.07,TO,948.52,118.64,TO,118.64,17.0,17.0,17.0
774,120.72,243.9,120.72,49.12,244.05,49.33,11.05,10.99,10.99
775,150.52,13.72,151.16,39.48,13.7,39.12,9.48,9.57,9.48
776,TO,164.41,TO,217.29,165.64,216.38,19.05,19.06,19.05
777,289.04,263.66,287.83,333.94,263.61,333.73,316.78,316.18,263.61
778,317.28,208.33,319.82,461.4,208.61,461.67,388.64,389.05,208.33
779,19.56,18.67,19.51,23.0,18.71,22.85,16.47,16.37,16.37
780,TO,TO,TO,TO,TO,TO,35.44,35.29,35.29
781,TO,TO,TO,612.02,TO,606.37,24.35,24.32,24.32
782,12.76,0.03,12.74,13.35,0.02,13.48,0.02,0.03,0.02
783,3.73,2.98,3.71,3.07,2.99,3.04,2.33,2.35,2.33
784,15.37,0.11,15.38,15.89,0.11,15.94,0.12,0.12,0.11
785,14.61,14.61,14.63,12.24,14.79,12.36,7.9,7.85,7.85
786,30.62,24.13,30.89,36.15,24.21,36.21,24.69,24.61,24.13
787,10.43,4.02,10.41,6.03,4.0,6.04,2.33,2.34,2.33
788,TO,TO,TO,TO,TO,TO,TO,TO,TO
789,17.41,12.91,17.32,16.8,12.99,16.82,10.17,10.21,10.17
790,336.44,247.8,337.9,504.92,247.55,504.86,306.81,307.1,247.55
791,228.59,247.67,228.42,337.8,247.34,339.67,425.84,425.07,228.42
792,17.33,0.16,17.35,1.14,0.15,1.12,0.05,0.04,0.04
793,130.51,32.88,131.27,63.11,33.02,63.5,14.68,14.78,14.68
794,8.52,8.53,8.5,9.33,8.53,9.28,12.0,12.08,8.5
795,345.44,806.13,347.0,311.59,804.46,313.1,28.15,28.02,28.02
796,TO,192.17,TO,TO,192.53,TO,44.12,43.91,43.91
797,298.31,201.45,301.0,252.05,200.54,251.65,543.25,545.19,200.54
798,734.45,225.83,736.58,702.48,225.7,708.12,140.43,140.34,140.34
799,54.63,21.4,55.08,5.33,21.3,5.38,6.0,5.96,5.33
800,TO,177.1,TO,84.26,176.72,85.46,13.27,13.17,13.17
801,TO,434.35,TO,TO,434.51,TO,141.4,139.36,139.36
802,23.67,19.6,23.57,24.73,19.7,24.7,20.07,19.93,19.6
803,TO,TO,TO,TO,TO,TO,612.52,612.63,612.52
804,12.48,0.1,12.48,12.99,0.1,12.94,0.1,0.1,0.1
805,TO,972.22,TO,420.29,TO,421.87,43.31,43.34,43.31
806,TO,606.16,TO,854.09,606.09,860.51,37.48,37.57,37.48
807,198.82,204.8,198.52,3.57,204.56,3.54,1.7,1.7,1.7
808,38.91,29.95,38.87,38.66,29.99,38.85,27.57,27.48,27.48
809,TO,TO,TO,TO,TO,TO,TO,TO,TO
810,TO,TO,TO,TO,TO,TO,TO,TO,TO
811,TO,TO,TO,TO,TO,TO,1656.9,1653.89,1653.89
812,119.23,97.02,119.62,25.49,97.16,25.34,77.54,77.24,25.34
813,TO,832.06,TO,548.61,828.52,540.46,253.03,255.71,253.03
814,25.4,20.76,25.44,25.72,20.53,25.85,19.84,19.68,19.68
815,5.17,3.78,5.18,5.35,3.79,5.33,3.61,3.61,3.61
816,18.44,0.06,18.55,19.17,0.07,19.28,0.06,0.07,0.06
817,40.73,31.51,40.77,42.72,31.37,42.85,29.94,29.86,29.86
818,21.53,0.04,21.48,22.16,0.03,22.17,0.03,0.04,0.03
819,27.88,15.55,27.39,30.47,15.53,30.41,17.99,17.82,15.53
820,TO,TO,TO,1559.84,TO,1554.01,56.52,56.2,56.2
821,TO,TO,TO,479.58,TO,485.54,41.82,41.96,41.82
822,268.84,164.46,269.97,306.06,166.51,304.73,179.42,178.88,164.46
823,5.99,3.92,6.03,5.51,3.89,5.54,3.48,3.49,3.48
824,706.91,TO,704.52,669.48,TO,668.36,462.32,458.98,458.98
825,TO,195.34,TO,TO,195.3,TO,154.75,157.91,154.75
826,TO,318.58,TO,TO,319.7,TO,452.87,453.6,318.58
827,TO,86.33,TO,TO,86.0,TO,54.31,54.45,54.31
828,19.63,0.08,19.74,0.48,0.09,0.48,0.1,0.09,0.08
829,14.91,6.09,15.05,16.84,6.11,16.79,5.73,5.69,5.69
830,601.18,610.02,598.18,400.61,608.29,401.82,373.56,371.2,371.2
831,671.15,321.02,682.89,494.44,320.58,497.58,227.97,227.72,227.72
832,TO,TO,TO,TO,TO,TO,TO,TO,TO
833,26.72,21.63,26.68,26.31,21.63,26.46,18.94,18.8,18.8
834,TO,800.24,TO,TO,799.23,TO,38.95,38.82,38.82
835,11.15,9.48,11.1,23.31,9.43,23.23,6.38,6.34,6.34
836,490.68,537.37,491.41,434.04,528.02,430.28,390.62,389.13,389.13
837,TO,TO,TO,TO,TO,TO,54.08,54.1,54.08
838,TO,TO,TO,358.22,TO,357.38,47.31,46.95,46.95
839,TO,331.13,TO,TO,328.73,TO,468.97,466.44,328.73
840,566.25,162.52,569.57,21.39,161.68,21.41,10.0,10.05,10.0
841,162.23,59.02,162.36,114.08,58.98,113.8,79.46,79.42,58.98
842,1600.21,1025.61,1601.65,165.75,1030.68,165.51,44.73,44.59,44.59
843,30.28,14.51,30.28,16.02,14.45,15.97,8.08,8.08,8.08
844,650.7,527.97,649.83,462.79,526.58,460.89,483.53,482.68,460.89
845,28.56,24.71,28.62,29.6,24.32,29.61,22.72,22.88,22.72
846,238.73,24.97,237.03,86.23,24.12,86.01,19.95,19.92,19.92
847,47.6,36.82,47.25,45.66,36.75,45.56,35.44,35.16,35.16
848,6.25,4.64,6.2,4.37,4.63,4.37,3.88,3.88,3.88
849,27.43,0.12,27.35,28.15,0.13,28.24,0.12,0.14,0.12
850,TO,TO,TO,762.03,TO,756.83,57.44,57.64,57.44
851,TO,155.66,TO,TO,152.89,TO,117.17,116.73,116.73
852,23.94,0.3,24.07,0.55,0.3,0.55,0.28,0.28,0.28
853,874.06,482.06,868.07,1040.55,488.06,1044.25,238.75,238.87,238.75
854,959.84,497.16,959.24,329.77,498.13,329.02,345.31,347.75,329.02
855,TO,TO,TO,224.41,1495.13,225.48,83.12,82.47,82.47
856,TO,TO,TO,TO,TO,TO,83.22,83.17,83.17
857,TO,180.09,TO,TO,179.73,TO,249.37,247.03,179.73
858,TO,TO,TO,TO,TO,TO,29.83,29.58,29.58
859,30.99,26.5,30.96,32.38,26.63,32.41,25.26,25.19,25.19
860,TO,TO,TO,821.55,TO,824.5,21.13,21.17,21.13
861,TO,TO,TO,TO,TO,TO,684.21,683.06,683.06
862,486.43,328.86,489.68,15.51,328.75,15.49,6.89,6.9,6.89
863,594.29,348.43,595.43,435.76,347.35,436.24,491.74,491.7,347.35
864,24.55,0.26,24.57,1.03,0.26,1.02,0.14,0.14,0.14
865,23.95,0.2,24.0,24.83,0.2,24.85,0.23,0.24,0.2
866,11.57,13.99,11.57,23.79,14.05,23.69,18.73,18.4,11.57
867,TO,430.75,TO,TO,428.8,TO,176.12,176.58,176.12
868,TO,TO,TO,TO,TO,TO,TO,TO,TO
869,TO,TO,TO,TO,TO,TO,107.19,106.99,106.99
870,TO,TO,TO,TO,TO,TO,80.61,81.0,80.61
871,TO,TO,TO,848.39,TO,852.42,84.39,84.16,84.16
872,TO,814.67,TO,TO,816.24,TO,183.41,183.99,183.41
873,TO,372.12,TO,799.16,372.37,793.45,187.08,186.22,186.22
874,TO,160.0,TO,TO,159.41,TO,53.01,52.99,52.99
875,52.13,40.19,52.54,53.34,39.85,53.21,38.52,38.08,38.08
876,31.49,29.38,31.69,37.95,29.82,37.64,25.03,25.06,25.03
877,36.2,0.04,36.29,37.14,0.05,37.17,0.05,0.05,0.04
878,TO,305.36,TO,TO,304.3,TO,165.87,165.68,165.68
879,TO,49.49,TO,TO,49.56,TO,26.1,26.18,26.1
880,21.84,3.69,21.75,17.5,3.69,17.48,2.92,2.91,2.91
881,TO,53.69,TO,TO,53.58,TO,55.43,55.35,53.58
882,TO,TO,TO,TO,TO,TO,TO,TO,TO
883,TO,TO,TO,563.76,TO,561.14,41.29,41.36,41.29
884,47.07,28.36,46.95,33.75,28.55,33.62,28.88,28.85,28.36
885,824.13,732.81,824.71,49.65,733.27,49.47,33.44,33.45,33.44
886,TO,219.83,TO,TO,221.46,TO,67.48,67.76,67.48
887,TO,TO,TO,1404.12,TO,1394.12,52.02,51.59,51.59
888,TO,146.63,TO,TO,146.4,TO,62.88,62.45,62.45
889,TO,TO,TO,TO,1134.59,TO,79.79,78.83,78.83
890,TO,TO,TO,TO,TO,TO,129.36,130.3,129.36
891,TO,TO,TO,243.24,TO,242.04,74.49,74.54,74.49
892,TO,23.86,TO,TO,23.65,TO,31.13,31.07,23.65
893,TO,1091.55,TO,525.87,1090.54,525.88,231.64,232.99,231.64
894,TO,119.34,TO,TO,118.79,TO,47.25,46.78,46.78
895,TO,1184.0,TO,1657.81,1175.17,1642.79,109.22,109.91,109.22
896,TO,TO,TO,816.09,TO,811.54,48.49,47.89,47.89
897,TO,TO,TO,762.61,TO,759.91,74.19,73.9,73.9
898,TO,15.11,TO,TO,15.09,TO,16.54,16.48,15.09
899,TO,108.16,TO,TO,108.03,TO,65.75,65.24,65.24
900,204.24,402.35,204.56,58.37,401.97,58.07,35.26,35.14,35.14
901,35.21,0.04,35.15,36.18,0.04,36.22,0.04,0.04,0.04
902,437.94,122.76,436.2,436.53,122.4,435.27,123.96,123.04,122.4
903,TO,TO,TO,TO,TO,TO,193.18,192.66,192.66
904,TO,TO,TO,TO,TO,TO,92.64,92.09,92.09
905,810.45,566.92,801.21,774.9,564.81,777.25,575.76,581.05,564.81
906,TO,657.07,TO,TO,656.72,TO,176.73,172.74,172.74
907,274.29,177.09,276.26,281.63,174.28,281.32,222.67,221.59,174.28
908,235.97,TO,235.84,140.79,TO,141.57,131.38,131.57,131.38
909,TO,30.0,TO,TO,29.66,TO,19.3,19.36,19.3
910,TO,TO,TO,TO,TO,TO,TO,TO,TO
911,544.94,216.36,547.36,579.12,216.49,575.41,364.38,364.75,216.36
912,1065.65,1090.43,1066.05,24.69,1100.24,24.78,3.33,3.32,3.32
913,TO,TO,TO,TO,TO,TO,82.87,83.14,82.87
914,TO,53.44,TO,TO,53.61,TO,62.47,62.5,53.44
915,TO,65.56,TO,TO,66.51,TO,42.73,42.37,42.37
916,TO,32.63,TO,TO,32.37,TO,20.12,20.31,20.12
917,TO,39.31,TO,TO,39.18,TO,41.43,41.22,39.18
918,TO,TO,TO,TO,TO,TO,297.55,294.47,294.47
919,TO,TO,TO,TO,TO,TO,118.95,118.11,118.11
920,TO,254.2,TO,1189.35,254.06,1189.6,181.68,182.05,181.68
921,TO,257.24,TO,TO,256.73,TO,160.23,159.11,159.11
922,485.47,204.45,491.26,348.07,204.74,345.03,111.24,112.32,111.24
923,31.27,0.17,31.39,0.49,0.17,0.49,0.14,0.15,0.14
924,33.78,0.15,33.81,34.89,0.15,34.89,0.15,0.15,0.15
925,1334.2,TO,1355.59,543.53,TO,543.93,447.77,446.67,446.67
926,TO,68.36,TO,TO,68.61,TO,91.59,91.26,68.36
927,36.3,0.05,36.07,37.39,0.06,37.32,0.04,0.05,0.04
928,588.55,494.14,589.07,450.75,496.22,455.52,396.72,394.23,394.23
929,TO,14.58,TO,TO,14.52,TO,17.95,17.9,14.52
930,TO,44.18,TO,TO,43.74,TO,26.81,26.83,26.81
931,TO,TO,TO,TO,TO,TO,218.83,216.31,216.31
932,TO,TO,TO,TO,TO,TO,126.42,124.99,124.99
933,TO,TO,TO,1333.15,TO,1327.79,114.5,114.03,114.03
934,595.44,485.54,597.91,850.97,486.41,853.88,498.75,495.67,485.54
935,1038.87,964.22,1029.53,1164.35,959.47,1158.79,135.41,134.89,134.89
936,TO,44.11,TO,TO,44.15,TO,56.82,57.21,44.11
937,TO,TO,TO,TO,TO,TO,TO,TO,TO
938,16.06,14.34,16.51,18.66,14.32,18.82,16.4,16.31,14.32
939,1040.67,574.91,1051.4,500.37,575.29,501.22,284.42,281.89,281.89
940,TO,TO,TO,TO,TO,TO,TO,TO,TO
941,51.95,32.58,51.92,79.71,32.58,80.85,40.72,40.7,32.58
942,10.9,6.87,10.88,11.8,6.89,11.8,7.95,7.82,6.87
943,TO,311.19,TO,1176.51,309.03,1179.54,224.43,225.61,224.43
944,TO,TO,TO,TO,TO,TO,TO,TO,TO
945,49.93,0.15,49.75,0.69,0.15,0.7,0.13,0.14,0.13
946,1171.44,657.54,1171.25,485.74,662.55,488.42,369.79,369.75,369.75
947,39.23,0.09,39.05,1.68,0.09,1.68,0.08,0.07,0.07
948,13.29,7.33,13.27,9.97,7.38,10.04,10.44,10.44,7.33
949,30.9,0.04,30.8,32.1,0.03,32.19,0.04,0.04,0.03
950,TO,TO,TO,TO,TO,TO,TO,TO,TO
951,TO,TO,TO,TO,TO,TO,TO,TO,TO
952,TO,41.15,TO,TO,40.82,TO,25.51,25.84,25.51
953,TO,TO,TO,TO,TO,TO,78.69,78.58,78.58
954,TO,TO,TO,TO,TO,TO,TO,TO,TO
955,884.59,842.34,884.19,938.37,843.63,935.87,885.38,883.71,842.34
956,254.27,177.6,251.91,297.45,175.93,296.51,136.59,137.31,136.59
957,34.33,0.06,34.27,35.49,0.06,35.67,0.06,0.07,0.06
958,TO,TO,TO,1446.36,TO,1465.8,234.08,233.18,233.18
959,TO,TO,TO,TO,TO,TO,TO,TO,TO
960,TO,TO,TO,TO,TO,TO,TO,TO,TO
961,909.84,1706.86,910.48,279.59,1705.14,280.41,197.14,196.89,196.89
962,1688.71,118.11,1695.37,233.75,118.01,233.12,17.38,17.2,17.2
963,TO,TO,TO,TO,TO,TO,TO,TO,TO
964,49.39,0.07,49.17,1.17,0.06,1.14,0.06,0.06,0.06
965,TO,TO,TO,TO,TO,TO,TO,TO,TO
966,TO,TO,TO,TO,TO,TO,TO,TO,TO
967,15.09,11.6,15.02,7.49,11.55,7.51,2.47,2.47,2.47
968,TO,246.26,TO,TO,245.29,TO,213.47,213.27,213.27
969,TO,TO,TO,1269.6,TO,1269.09,253.87,253.94,253.87
970,45.11,0.2,45.14,46.88,0.19,46.74,0.21,0.22,0.19
971,TO,TO,TO,TO,TO,TO,TO,TO,TO
972,TO,801.9,TO,TO,799.72,TO,662.78,661.99,661.99
973,100.07,66.75,99.72,105.41,66.51,105.28,67.01,66.59,66.51
974,TO,TO,TO,TO,TO,TO,TO,TO,TO
975,TO,TO,TO,TO,TO,TO,TO,TO,TO
976,TO,TO,TO,TO,TO,TO,TO,TO,TO
977,48.43,33.54,48.55,53.84,33.21,54.21,27.58,27.53,27.53
978,TO,1637.07,TO,133.74,1638.27,134.71,27.11,27.13,27.11
979,50.03,0.14,50.0,51.66,0.14,51.72,0.14,0.14,0.14
980,55.75,0.19,55.71,57.66,0.2,57.49,0.21,0.21,0.19
981,TO,TO,TO,TO,TO,TO,TO,TO,TO
982,TO,TO,TO,TO,TO,TO,TO,TO,TO
983,TO,TO,TO,TO,TO,TO,TO,TO,TO
984,1152.4,1051.81,1151.56,1123.11,1046.44,1130.83,1312.74,1302.91,1046.44
985,TO,TO,TO,691.91,TO,687.83,54.43,53.96,53.96
986,TO,TO,TO,TO,TO,TO,TO,TO,TO
987,TO,TO,TO,TO,TO,TO,TO,TO,TO
988,44.56,0.05,44.83,46.51,0.04,46.55,0.06,0.05,0.04
989,94.09,99.32,93.49,111.73,99.7,111.69,86.97,86.98,86.97
990,TO,TO,TO,TO,TO,TO,TO,TO,TO
991,56.22,0.06,56.23,58.16,0.06,57.97,0.06,0.06,0.06
992,741.49,236.15,736.26,661.33,233.8,658.63,154.54,154.44,154.44
993,TO,TO,TO,TO,TO,TO,TO,TO,TO
994,TO,TO,TO,TO,TO,TO,TO,TO,TO
995,63.32,54.0,62.28,85.76,53.92,84.83,55.27,55.91,53.92
996,1385.36,1072.53,1386.99,TO,1071.3,TO,1352.98,1366.68,1071.3
997,67.63,0.1,67.29,69.38,0.1,69.22,0.12,0.12,0.1
998,TO,TO,TO,TO,TO,TO,TO,TO,TO
999,76.58,0.08,76.46,78.88,0.08,79.14,0.07,0.07,0.07
1000,23.81,17.73,23.79,18.17,17.56,18.2,18.67,18.51,17.56
1001,154.7,169.3,154.49,156.83,168.34,156.72,162.81,162.75,154.49
